LnameCas,FnameCas,LnameSol,FnameSol,Regiment,RankCasualtie,RankSoldier,Junk
ALLEN,SYDNEY,ALLAN,JAMES,746,746,Private,0
ANDERSON,EMMANUEL JOHN,ANDERSON,JOHN,21557,21557,Private,0
ASBURY,ARTHUR GERARD,ASBURY,GERARD,45044,45044,Sapper,0
BARDWELL,MARCUS GEORGE,BARDWELL,GEORGE,2755,2755,Private,0
BETTS,JOHN GEORGE,BALLARD,HORACE WILLIAM,59034,59034,Corporal,0
BIRTWHISTLE,GEORGE STUART,BIRTWHISTLE,ART,55800,55800,Private,0
BLANCHARD,EVARISTE,BLANCHARD,AVARIST,24337,24337,Private,0
BOWEN,STANLEY,BAKER,GEORGE WILLIAM,11,11,Serjeant,0
BOYCE,EVELYN LLEWELYN,BOYCE,LLEWELYN,18752,18752,Sergeant,0
BURCHETT,LEONARD HENRY,BLACK,WILLIAM,1923,1923,Private,0
BURGESS,HARRY,BROUGHALL,DERIC,9175,9175,Lance Corporal,0
CAMPBELL,ARCHIBALD,CHALCRAFT,GEORGE,1864,1864,Private,0
CHALMERS,WARNER,CODIRE,ARTHUR,1283,1283,Private,0
CHASE,SILAS HARTLEY,CHASE,HARTLEY,22559,22559,Private,0
CLARK,ALFRED BRUCE,CLARK,BRUCE,408045,408045,Private,0
COLE,FRANK BASS,CHRISTIE,ROBERT,51106,51106,Private,0
COLLINS,CECIL JOHN,CREGAN,JAMES JOSEPH,893,893,Private,0
CONWAY,REUBEN,CROSSLEY,FRANK,178,178,Staff Sergeant,0
COPPLO,DOMINIQUE,CLARK,RUSS GEORGE,210,210,Private,0
COX,ALBERT THEODORE,COOPER,FREDERICK ALFRED,2519,2519,Private,0
CROSS,WILLIAM SIDNEY AUSTIN,CROSS,SYDNEY,42664,42664,Driver,0
CURRY,JOHN,CUMMINGS,HENRY GODFREY,4693,4693,Private,0
DAVEY-THOMAS,EDWARD LLEWELLYN,DAVEY,THOMAS,1712,1712,Lance Corporal,0
DUPRAU,ORMOND HENRY,DUPRAU,ARMOND HENRY,16300,16300,Private,0
DWYER,FRANCES GUY,DWYER,GUY,595,595,Private,0
FAIRBAIRN,JOHN ANGUS,FAIRBAIRN,ANGUS,27889,27889,Private,0
GIBBERD,ARTHUR STANLEY,GIBBERD,STANLEY A,6457,6457,Private,0
GOLDSMITH,JOHN,GRAY,CLAUDE WILLIAM,120,120,Private,0
GROVES,GEORGE,GIBSON,EDWARD,48,48,Gunner,0
HALE,ALFRED JAMES,HILL,DAVID,81,81,Private,0
HAYCROFT,FREDERICK,HAYWARD,WALTER G,98,98,Private,0
HAYWARD,JOHN FREDERICK,HAYWARD,FREDERICK,155,155,Lance Sergeant,0
HEATH,NORMAN ERNEST,HOOPER,E W,12956,12956,Private,0
HOLTBY,ARTHUR WILLIAM,HOLTBY,C W,27812,27812,Private,0
HORNE,JOHN,HOWARD,PERCIVAL JOHN,153,153,Private,0
HORNER,CHARLES,HIGMAN,THOMAS,19,19,Lance Corporal,0
HOWARD,WILLIAM HENRY,HOWARD,HARRY,47362,47362,Private,0
HUMPHREYS,HUGH EDWARD,HUMPHREYS,EDWARD,77087,77087,Bugler,0
HUTCHINSON,GIFFORD KERSLEY,HORNBY,JOHN,2064,2064,Private,0
JENKINS,WILLIAM,JARVIS,ALBERT,264,264,Driver,0
JOHNSTONE,GEORGE BLANCHARD MCGILL,JACQUES,FREDERICK CLIFTON,44,44,Lance Corporal,0
KEIR,ALEXANDER EDMUND,KEIR,EDMUND,7162,7162,Private,0
KELLEY,WILLIAM,KELLY,JAMES,406563,406563,Private,0
LEBEAU,OSCAR,LEBEAU,ALBERT,1459,1459,Private,0
LOUTIT,PETER HENRY,LOUTIT,HENRY,18965,18965,Private,0
LYTLE,WILLIAM GORDON,LYTLE,GORDON,59613,59613,Private,0
MATTHEWS,NORMAN,MCBRIDE,EARLE,18,18,Driver,0
MCALLUM,GEORGE LEIGH ATHELSTAN,MACKENZIE,JOHN ROSE,255,255,Company Sergeant Major,0
MCCAUGHRIN,DANIEL MILTON,MCLAUGHLIN,MILTON,17263,17263,Private,0
MCCORMACK,WILLIAM GRAY,MURRAY,KENNETH,9338,9338,Private,0
MCCUSKER,ANGUS PATRICK,MCCLUSKER,PATRICK,413125,413125,Private,0
MCDONALD,CHARLES TUPPER,MATHIESON,ROBERT SUTHERLAND,570,570,Able Seaman,0
MCDONALD,WILLIAM MUIR,MCKENZIE,KENNETH,24617,24617,Lance Corporal,0
MCKINNON,JAMES,MILLS,ARTHUR MORRIS,9692,9692,Private,0
MCLEAN,ALLAN,MOORE,JULIAN,869,869,Private,0
MCLENNAN,HUGH,MCMANUS,JOSEPH,41,41,Sergeant,0
MCNEILL,ALEXANDER LORNE,MCCLELLAND,HERBERT J,76,76,Private,0
MITCHELL,JOHN STANLEY,MITCHELL,WILLIAM,8353,8353,Private,0
MULLISS,SIDNEY WILLIAM,MADDOX,JERRY,6227,6227,Lance Serjeant,0
MURRAY,WILLIAM,MAXTED,CHARLES PERCIVAL,145,145,Lance Corporal,0
MUTCH,HAROLD THOMAS,MCMASTER,DALTON C,6402,6402,Private,0
NAVEN,GEORGE CHARLES,NUNN,JOHN,6587,6587,Private,0
NUTTALL,INO LAURENCE KENNEDY,NUTTALL,JOHN L,79867,79867,Private,0
RAYNOR,JOSEPH WILLIAM,RAINOR,WILLIAM,9987,9987,Private,0
REDDEN,EDWARD JOHN,REDDEN,JOHN,5453,5453,Sapper,0
RIVERS,CHARLES,ROBINSON,W,217,217,Bombardier,0
ROBBINS,CALEB,ROBSON,STUART,7194,7194,Corporal,0
RODNEY,FREDERICK DEAN,RITCHOT,ERNEST,683,683,Private,0
SEELEY,LE ROY LAUNCELOT,SEELEY,ROY LAUNCELOT,9155,9155,Sergeant,0
SOMERSET,VILLIERS HENRY PLANTAGENET,SOMERSET,HARRY V P,20375,20375,Private,0
STEVENSON,EBENEZER,SIMMONS,REGINALD THOMAS,6382,6382,Private,0
STUER,GERARD TRANS OCTAVE,STUER,OCTAVE,19001,19001,Private,0
SWANN,LOUIS HAROLD HURVEY,SWANN,HAROLD H,26637,26637,Lance Corporal,0
TWEEDY,THOMAS OSBORNE,TWEEDY,O,27549,27549,Private,0
WAKELAM,LAWRENCE BERNARD OSBORNE,WAKEFIELD,B,46549,46549,Private,0
WALSH,EDWARD,WALLIS,GEORGE,949,949,Private,0
WELLSMAN,CYRIL,WATHERSTON,WILLIAM DUNLOP,2749,2749,Private,0
WIGSTON,DAVID,WHITLA,WILLIAM,7097,7097,Private,0
ZINCK,MARTIN LEO,ZINCK,LEO,23066,23066,Private,0
BLAIR,KENNETH,BLAIR,HARRY KENNETH,32819,32819,Sergeant,0
BRANNEY,WILLIAM,BRADLEY,GEORGE LORAINE,65106,65106,Private,0
BUTLER,CLIFFORD,BELANGER,JOSEPH,244,244,Private,0
CORMIER,JOHN,CONNELL,THOMAS JAMES,1637,1637,Private,0
DWIGHT,ERNEST,DWIGHT,WILLIAM ERNEST,781904,781904,Private,0
FORREST,LL,FORREST,ERNEST LLOYD,81266,81266,Private,0
GRINDLEY,JOHN,GRANT,WILLIAM CHARLES MOODY,90,90,Private,0
HANFORD,BOB,HANFORD,ROBERT,10910,10910,Sergeant,0
HARDMAN,LAWRENCE,HARDMAN,CHARLES L,65413,65413,Private,0
HEATHER,THOMAS JAMES,HEATHER,JAMES,6688,6688,Private,0
HERVEY,CHARLES BERNARD LAMPLUGH,HERVEY,BERNARD,46309,46309,Private,0
HOPCROFT,HARRY,HOLT,EDMUND DEARDEN,934,934,Gunner,0
HULME,EDWARD REGINALD,HULME,REGINALD,401148,401148,Private,0
KENNEDY,SAMUEL,KAY,JOHN,19,19,Sapper,0
LANGLAIS,ERNEST,LANGLAIS,JOSEPH ERNEST,889053,889053,Private,0
LESAGE,PAUL,LESAGE,NAPOLEON PAUL,23015,23015,Sergeant,0
MACKAY,ALEXANDER,MACKAY,RUSSELL,433100,433100,Private,0
MATHEWS,WILLIAM,MASON,LANGFORD,2713,2713,Private,0
MAVITY,ALFRED,MCGONIGAL,JOHN,59,59,Private,0
MCGRATH,FRANCIS JOSEPH,MARTIN,GEORGE HENRY,380,380,Able Seaman,0
MERLIN,EDWARD,MUNRO,HARRY WARREN,715639,715639,Sergeant,0
MILLER,,MILLER,JAMES REID,80048,80048,Private,0
MILLS,JOHN RUSSELL,MCQUINN,FRANK,355,355,Private,0
PANGBOURNE,AUGUSTUS GEORGE,PANGBOURNE,GEORGE,107474,107474,Private,0
REES,,REES,CLARENCE,46881,46881,Private,0
RIDDOLLS,THOMAS IRWIN EARL,RIDDOLLS,IRWIN EARL,402815,402815,Private,0
SIMS,GEORGE FREDERICK,SIMS,FREDERICK,153478,153478,Private,0
WALKER,EDWARD,WIGNEY,ROBERT CLARENCE,9,9,Gunner,0
WEBBER,PERCY,WEBBER,RICHARD,73859,73859,Private,0
WOODROOFFE,JOHN,WOODWORTH,STAFFORD DOUGLAS,14,14,Private,0
ABRAM,ARTHUR WILLIAM,ABRAM,WILLIAM ARTHUR,451772,451772,Private,0
ANTERIEUX,HENRY,AMEY,PURCELL GARTON,36035,36035,Private,0
BARNES,FREDERICK VICTOR,BROWN,JOHN,443885,443885,Private,0
BETTS,GEORGE FRANKLYN,BETTS,FRANK,11655,11655,Private,0
BLACK,WALTER JAMES,BRADLEY,NEIL H,489,489,Private,0
BLAIR,ROBERT JAMES,BLAIR,BERT,463734,463734,Pioneer,0
BURGOYNE,RAYMOND VICTOR,BURGOYNE,VICTOR RAYMOND,415417,415417,Private,0
CATHERWOOD,LEONIDAS EWART,CATHERWOOD,EWART,464293,464293,Private,0
COLLINS,FRANCIS,CLARK,WILLIAM HENRY,232,232,Private,0
COPE,ERNEST JOHN,COOKE,LLOYD,106156,106156,Private,0
CUNNINGHAM,,CUNNINGHAM,LORNE E,408056,408056,Private,0
DAZE,ALFRED HENRY,DAZE,FRED HENRY,108186,108186,Private,0
DUKESHAR,ELSWORTH EDWARD,DREW,REGINALD,5876,5876,Gunner,0
FERGUSON,JOHN NORMAN VICTOR MACLEAN,FERGUSON,NORMAN,791,791,Corporal,0
FOX,,FOX,RICHARD ETHELD,502624,502624,Sapper,0
GREEN,JOHN,GOWIE,HUGH,7152,7152,Private,0
HANCOCK,FREDERICK,HYSLOP,DOUGLAS,540,540,Private,0
HARDY,,HARDY,ROBERT WILSON,154970,154970,Corporal,0
HEPBURN,MCI,HEPBURN,HARRY MCIVOR,503323,503323,Sapper,0
HILL,EDWARD,HUNT,HENRY,616,616,Private,0
KANE,,KANE,PATRICK JOSEPH,440533,440533,Private,0
LAVERDIERE,,LAVERDIERE,ALEXANDRE,416638,416638,Private,0
LEE,JAMES ARTHUR,LENNOX,OSWALD ELMER,10093,10093,Private,0
LEFEVRE,CHARLES JEAN,LEFEVRE,JEAN CHARLES,489391,489391,Private,0
LEVESQUE,EMILE,LEVESQUE,JOSEPH EMILE,448159,448159,Private,0
MACKAY,JOHN,MARTIN,TOM,622326,622326,Private,0
MAINWARING,CHARLES HENRY,MAINWARING,HENRY,458513,458513,Private,0
MAYNARD,STEWART,MCINTOSH,JAMES,447,447,Private,0
MCGRATH,THOMAS FRANCIS,MCDOUGALL,ALLEN JAMES,5563,5563,Lance Serjeant,0
MCINTOSH,BLACKWOOD,MCINTOSH,WILLIAM BLACKWOOD,81639,81639,Private,0
MURPHY,WILLIAM,MCHAFFIE,ROY PATTERSON,4950,4950,Private,0
NEW,LEONARD,NOBLE,FRANK,110429,110429,Private,0
NIGHTINGALE,ALBERT,NORTH,CHARLES,7230,7230,Private,0
NISHIOKA,TEIZO,NISHIOKA,PETER,114856,114856,Private,0
PAVLUCHUK,ANTONY,PAVLUCHUK,TONY,448193,448193,Private,0
PAYNE,ALBERT EDWARD,PAYNE,EDWARD,401853,401853,Private,0
PEEL,ROGER EDWARD,PARSONS,CLIFFORD WINDSOR,3443,3443,Lance Corporal,0
PENTZ,RICHARD ARTHUR,PENTZ,ARTHUR,67961,67961,Private,0
PORTEOUS,WILLIAM FREDRICK,PORTEOUS,TOM,136118,136118,Private,0
POTTINGER,HENRY,PRESS,GEORGE WILFRED,648725,648725,Private,0
RIGGALL,,RIGGALL,EDWARD,603246,603246,Private,0
SEVIN,MONTAGUE CHARLES,SEVIN,CHARLES,551102,551102,Lance Corporal,0
SMITH,MCP,SMITH,JOHN MCPHERSON,155041,155041,Private,0
STARLING,GEORGE THOMAS,STAYTE,HENRY,6506,6506,Private,0
TAPP,ELIAS,TAPP,ALIAS,416252,416252,Private,0
THOMAS,CHARLES,TAYLOR,SIDNEY HERBERT,9252,9252,Private,0
TRACEY,BOYLE,TRACEY,JAMES BOYLE,111491,111491,Private,0
TURNER,REGINALD STANLEY,TURNER,STANLEY,21917,21917,Private,0
WALLACE,WILLIAM,WAKELING,GEORGE ARTHUR,627,627,Private,0
ARMBURG,LINCOLN ABRAHAM,ARMBURG,ABRAHAM LINCOLN,488853,488853,Private,0
ASHMAN,ARTHUR CHARLES,ASHMAN,CHARLES ARTHUR,602660,602660,Private,0
ASQUITH,VERNON,ASQUITH,JAMES VERNON,463218,463218,Lance Corporal,0
BAILEY,JOHN CHARLES,BAILEY,CHARLES,437213,437213,Private,0
BANN,MURRAY,BEDDOME,FRANCIS JAMES,622725,622725,Private,0
BEMISTER,WALTER BRYAR,BEMISTER,BYRAR,409677,409677,Private,0
BENOIT,SIMON JAMES,BENOIT,JAMES SAMUEL,80278,80278,Private,0
BERTRAND,ALFRED JOSEPH,BERTRAND,FRED,121330,121330,Private,0
BESNER,OVILA,BESNER,AVILA,417019,417019,Private,0
BLAIR,JAMES,BULLEID,GEORGE,8525,8525,Private,0
BRASH,CHARLES,BRASH,EDWARD CHARLES,171283,171283,Private,0
BRENNAN,THOMAS,BARR,ANDREW,2,2,Private,0
BROWN,MCQ,BROWN,GEORGE MCQUEEN,622042,622042,Sergeant,0
BURROWS,H J,BURROWS,WILLIAM HENRY,453732,453732,Private,0
BUSS,ROBERT ARTHUR,BUSS,ARTHUR ROBERT,163971,163971,Private,0
CALDWELL,GEO CLELLAND,CALDWELL,CLELLAND,113125,113125,Private,0
CAMPBELL,THOMAS GEORGE,CAMPBELL,GEORGE,16410,16410,Corporal,0
COCHRANE,GEORGE ABRAHAM,COCHRANE,ABE GEORGE,145771,145771,Private,0
COLES,ALBERT JOHN,COLES,JOHN ALBERT,406265,406265,Private,0
COLLINS,FRANK,COLEMAN,WILLIAM,424688,424688,Corporal,0
COLLINS,VICTOR,CLIFT,RUDOLPH,424683,424683,Private,0
COX,FREDERICK COURTNEY DIMENT,COX,COURTNAY,129853,129853,Private,0
DEAN,,DEAN,BERT,150063,150063,Private,0
ELSEY,JOSHUA GEORGE,ELSEY,GEORGE,401683,401683,Private,0
FENNELL,LIONEL MILLS,FENNELL,MILLS,129350,129350,Private,0
FLYNN,DANIEL JOHN JOSEPH,FLYNN,JOHN JOSEPH DANIEL,163184,163184,Private,0
FONTAINE,RICHARD,FONTAINE,WILLIAM,437911,437911,Private,0
FRY,JOHN,FIELD,FRANK,2112,2112,Private,0
GARBUTT,JOSEPH PETER OLIVER,GRAHAM,FREDERICK,177173,177173,Private,0
HARPIN,EUCLIDE,HOMIER,ALFRED,417183,417183,Private,0
HEBB,JOHN BRUNO,HEBB,BRUNO,469915,469915,Private,0
HENDERSON,WILFRID IVANHOE,HENDERSON,IVAN,130251,130251,Private,0
HENTIG,GORDON,HENTIG,JOHN GORDON,404113,404113,Private,0
HIGGINS,JOHN MAURICE,HIGGINS,MAURICE,177753,177753,Private,0
HOBIN,JOHN,HACKETT,CHARLES JAMES,1117,1117,Sapper,0
INCH,CHARLES BURTON,INCH,BURTON,54176,54176,Corporal,0
JESSIMAN,SIGNALLER GEORGE JAMES,JESSIMAN,GEORGE JAMES,71168,71168,Private,0
JUNCK,VINCENT HENRY,JUNCK,HENRY VINCENT,101613,101613,Private,0
LAMABE,JOSEPH MATTHEW,LAMABE,MAT,220162,220162,Private,0
LEITCH,FRANCIS LESLIE,LEITCH,LESLIE,29241,29241,Lance Corporal,0
LEWIS,HAROLD,LATHAM,WILLIAM,140122,140122,Private,0
LOVE,JOHN THOMAS,LOVE,THOMAS,69504,69504,Private,0
LOYNES,JOSEPH WALTER,LOYNES,WALTER,1001125,1001125,Private,0
LUCASEVITCH,IVAN,LUCASEWICH,EVAN,417156,417156,Private,0
MACKENZIE,FRANK PARTRIDGE,MACIVER,ARTHUR P,111305,111305,Private,0
MARCOTTE,JOSEPH AIME,MARCOTTE,AIME,437426,437426,Private,0
MAUPIN,BAYNE,MAUPIN,NEAL BAYNE,160663,160663,Private,0
MCINNIS,JAMES EDWARD,MCDONALD,THOMAS WILLIAM,1345,1345,Sergeant,0
MCINTYRE,,MCINTYRE,HUGH,628034,628034,Private,0
MCKELL,WILFRED,MCKELL,FRED,437025,437025,Private,0
MORRISON,JOHN,MCCHARLES,RUSSEL,327,327,Private,0
MULLEN,BOYD PALMER,MALCOLM,E BOSWELL,112,112,Corporal,0
NELSON,EDOUARD,NELSON,A EDOUARD,120016,120016,Private,0
PAQUETTE,ALFRED,PAQUETTE,FRED,120599,120599,Private,0
PAUL,HARLEY,PAUL,JOHN HARLEY,109162,109162,Sapper,0
PILLING,HAROLD,PATTERSON,ALEXANDER,166855,166855,Sapper,0
PRICE,BONAMY,PRICE,FREDERIC ROWAN BONAMY,516328,516328,Sergeant,0
ROBINSON,WESLEY,ROBINSON,DAVID WESLEY,445308,445308,Lance Corporal,0
SAGE,THOMAS GEORGE,SHERWOOD,DOWNING CLIFFORD,8024,8024,Lance Corporal,0
SAMPLE,ALEXANDER ERNEST,SAMPLE,ERNEST,472814,472814,Private,0
SAMWAYS,ALFRED EDGAR,SAMWAYS,EDGAR E,151909,151909,Private,0
SEARS,WILLIAM HAROLD,SEARS,HAROLD,69874,69874,Private,0
SKYRME,GEORGE HENRY,SKYRME,HARRY,703591,703591,Private,0
SLOAN,THOMAS,SYLVESTER,GEORGE,13536,13536,Guardsman,0
SMITH,JOHN MICHAEL,SLEAT,FRANK,139183,139183,Private,0
SMITH,MCD,SMITH,JOHN MCDONALD,142300,142300,Private,0
SMITH,RICHARD WAYTE,SHEPHERD,WALLACE,1694,1694,Private,0
SPARROW,ROBERT,SCOTT,EDWARD,404451,404451,Private,0
STOKES,JAMES,SAMSON,WILLIAM HENRY,15006,15006,Private,0
WALKINGHOOD,FREDDIE EUGENE,WALKINGHOOD,EUGENE FREDERICK,124130,124130,Private,0
WEATHERILL,BERTRAND PETER,WEATHERILL,ERNEST BERTRAND P,123146,123146,Corporal,0
WILLIAMS,MCKAY,WILLIAMS,HARRY MCKAY,430393,430393,Corporal,0
ANTHONEY,FREDERICK JAMES,ANTHONY,JAMES F,136274,136274,Private,0
BALDWIN,EDWIN HAROLD ARTHUR,BALDWIN,HAROLD,760382,760382,Private,0
BARTON,ALFRED TENNYSON,BARTON,FRED TENNYSON,19577,19577,Company Sergeant Major,0
BOWLEY,R WALTER,BOWLEY,WALTER,147038,147038,Private,0
BURCHALL,JOHN,BARLOW,ERNEST,3155,3155,Sapper,0
BURNES,HERBERT THOMAS,BLAKE,THOMAS,805007,805007,Private,0
DAIGLE,JOSEPH LEVI,DAIGLE,LEVI,793817,793817,Private,0
DE MORNEY,FRANCIS EDWRARD RANDOLPH,DOWNEY,DOLPH JOSEPH,505549,505549,Sapper,0
DEVAULT,,DEVAULT,WILLIAM A,300785,300785,Driver,0
DROWER,MARK GERALD,DROWER,GERALD,129509,129509,Private,0
EMERY,JOSEPH PHILLIAS ALBERT,EMERY,ALBERT,144880,144880,Private,0
FELCH,DANA WHITFIELD,FELCH,WHITFIELD D,282912,282912,Private,0
HALLADAY,HENRY ROY,HALLADAY,ROY,229410,229410,Private,0
HIRSHUK,,HIRSHUK,HANTLEY,448121,448121,Private,0
HRIHORIEV,PHILIP,HRIHORIEV,FILIP,808949,808949,Private,0
KISSICK,ROBERT PERCY,KISSICK,PERCY,887328,887328,Private,0
LEDFORD,,LEDFORD,FRANK HAROLD,91787,91787,Gunner,0
MANSEL,GEORGE W,MCLAURIN,STEWART,2085,2085,Private,0
MANSFORD,DENZIL GEORGE,MANSFORD,GEORGE DENZIL,28761,28761,Private,0
MCCALL,,MCCALL,ARTHUR EARL,796211,796211,Private,0
MCINNIS,,MCINNIS,MURRAY JOHN,878222,878222,Private,0
MINNION,ROBERT JAMES,MOORE,LEONARD,117432,117432,Private,0
MOUNTAIN,ROBERT WILLIAM,MCMANUS,BERNARD,14803,14803,Sergeant,0
NEWTH,ROLAND,NEWTH,WILLIAM ROLAND,907351,907351,Private,0
PENDRICK,ALBERT JOHN,PENDRICK,JOHN,148499,148499,Private,0
PERRY,GEORGE,PHILLIPS,WILLIAM CAMPBELL,291,291,Private,0
PHILLIPS,JOHN CHARLES,POMROY,HAROLD,8017,8017,Private,0
PIKE,GEORGE HUGO,PULBROOK,DANIEL,402956,402956,Private,0
POWLEY,GEORGE FREDERICK,POWLEY,FRED,57558,57558,Private,0
PYBUS,ANSON WILFRID,PYBUS,WILFRED ANSON,234096,234096,Private,0
RICHARD,OCTAVE,RICHMOND,JAMES,418,418,Sapper,0
SENTELL,JAMES VICTOR,SENTELL,VICTOR,817342,817342,Private,0
SLAVIN,DALLAS,SLAVIN,J DALLAS,116504,116504,Corporal,0
SUTTON,JOHN CLARENCE,SUTTON,CLARENCE,513919,513919,Private,0
VAN COOTEN,DE,VANCOOTEN,EDWIN DE CLONARD,301501,301501,Driver,0
WEST,WILLIAM JAMES,WEST,BILL JIM,797116,797116,Private,0
WHITE,CHARLES,WOOD,WILLIAM,34569,34569,Private,0
WILKIE,JOHN,WARING,ARTHUR,599,599,Corporal,0
WRIGHT,ALBERT,WOODCOCK,JOHN,478030,478030,Corporal,0
WRIGHT,ALFRED JOHN,WRIGHT,JOHN ALFRED,766744,766744,Private,0
ALTHOUSE,JOHN SHERWOOD,ALTHOUSE,SHERWOOD,195802,195802,Private,0
ARSENAULT,PETER SYLVERE,ARSENAULT,SYLVERE,712869,712869,Private,0
BARKER,HARRY,BRADY,BERNARD ALEXANDER,221,221,Private,0
BARR,THOMAS SAMUEL,BARR,SAMUEL,148333,148333,Private,0
BAUGUST,JOHN LAWRENCE,BAUGUST,LAWRENCE JOHN,432044,432044,Private,0
BELANGER,FRANCOIS XAVIER EUGENE,BELANGER,EUGENE,47808,47808,Private,0
BRIDGES,HENRY BERTRAM,BRIDGES,BERTRAM HENRY,135988,135988,Private,0
BRIMICOMBE,REGINALD SAMUEL,BRIMICOMBE,SAMUEL,226244,226244,Private,0
BROADWELL,BERYL WILLIAM,BROADWELL,WILLIAM BERYL,828264,828264,Private,0
BRUCE,GEORGE ALBERT,BENNETT,HORACE,233,233,Private,0
CASEY,ROBERT,CAESAR,HUGH,198051,198051,Private,0
CHALLENGER,REGINALD WILLIAM,CHALLENGER,WILLIAM REGINALD,139261,139261,Private,0
CHAPMAN,ROBERT GEORGE,CAMPBELL,JAMES,5076,5076,Private,0
COGSWELL,CECIL EDWARD,CURBISHLEY,STEPHEN,1604,1604,Private,0
CROCKETT,HENRY,CUMMINGS,WILLIAM SMITH,201775,201775,Private,0
DAWSON,SYDNEY,DAWSON,WILLIAM SIDNEY,772105,772105,Private,0
DE YOUNG,FRANCIS,DEYOUNG,CLIFFORD FRANCIS,282155,282155,Private,0
DEMETELIN,ORTHODOX,DEMETCHIN,JOHN,110129,110129,Sergeant,0
FERLATTE,CHRISTIAN,FERLATTE,ALPHEE,889789,889789,Private,0
GAMMON,ROBERT EARL,GAMMON,EARL ROBERT,486619,486619,Corporal,0
GARRARD,HERBERT JOHN,GARRARD,JOHN HERBERT,466049,466049,Private,0
GIFF,PATRICK,GIFF,MICHAEL PATRICK,506786,506786,Sapper,0
HARPER,LEONARD ROY,HARPER,ROY,775301,775301,Private,0
HEMSWORTH,SELBY,HEMSWORTH,WILLIAM SELBY,887518,887518,Private,0
HEWETT,ALFRED,HAYES,FRANK,1054577,1054577,Private,0
HOCKIN,JOHN ELMIR,HOCKIN,ELMER JOHN,348282,348282,Gunner,0
HUMPHREYS,,HUMPHREYS,WILLIAM,904354,904354,Private,0
KEHOE,RANOLD ALEXANDER,KEHOE,ARNOLD ALEX,86431,86431,Driver,0
LAMBKIN,WILLIAM,LETHBRIDGE,HARRY,64,64,Quartermaster Sergeant,0
LEBLANC,ALBERT,LEBLANC,JOSEPH,660194,660194,Private,0
LOWE,HARRY BERNARD,LANGRIDGE,ARTHUR EDWARD,98,98,Sergeant Major,0
MATSUBAYASHI,SASERO,MATSUBAYASHI,LOSERO,228347,228347,Private,0
MCQUADE,EUGENE,MCHARVEY,FRIEND STOFEN,210646,210646,Private,0
MITCHELL,HOWARD,MARTIN,GEORGE HENRY,380,380,Private,0
MORGEN,FRED,MORGEN,SAEGREAD FREDERICK,488980,488980,Private,0
NEILL,SIGNALLER GEORGE ALEXANDER,NEILL,GEORGE ALEX,141262,141262,Private,0
NORRIS,THOMAS SYDNEY KEY,NORRIS,SIDNEY,883600,883600,Private,0
PARTRIDGE,ELMER BLAKE,PARTRIDGE,BLAKE,925238,925238,Sergeant,0
RODOKINSK,TUG,RODOKINSK,WUG,907910,907910,Private,0
RUSHTON,WILLIAM STANLEY,RUSHTON,STANLEY,760688,760688,Private,0
SANSCHAGRIN,,SANSCHAGRIN,ADELARD,856695,856695,Private,0
SURKIN,IDKOF,SURKAN,JACK,161208,161208,Private,0
SURPRENANT,JOSEPH,SUPRENANT,ADELARD,1012142,1012142,Private,0
TEAL,JOHN STANLEY,TEAL,STANLEY,453800,453800,Private,0
TRIVETT,EARLBY,TUTT,WILLIAM RICHARD JAMES,11,11,Private,0
WATTERSON,DOUGLAS,WATTERSON,AUSTON DOUGLAS,85539,85539,Sapper,0
WILCOX,ROLAND,WADSWORTH,ALFONSO JOSEPH,343,343,Private,0
WILLIAMS,FREDERICK,WELCH,NORMAN ELMER,50106,50106,Private,0
BANNELL,SAM,BANNELL,CHARLES SAMUEL,1015935,1015935,Private,0
BARRIE,FREDERICK GEORGE,BARRIE,GEORGE F,436316,436316,Private,0
BEAM,WILLIAM EARL,BEAM,EARL,675335,675335,Private,0
BEER,RUSSELL,BEER,HAROLD RUSSEL,681265,681265,Private,0
BENDELL,JOHN ALFRED,BROWN,HUGH,829,829,Private,0
BINCH,CHARLES LANGTON,BINCH,LANGTON,255184,255184,Private,0
BISHOP,GEORGE STANLEY,BISHOP,BEORGE STANLY,832500,832500,Private,0
BREWSTER,WILLIAM EVERETT,BREWSTER,EVERETT,264384,264384,Private,0
BRISTOW,WILFRED HOLDITCH,BELCHAM,LEONARD GUIVER,2049,2049,Private,0
BURNS,DE LONG,BURNS,EDWARD DELONG,733324,733324,Private,0
CARR,HOMER,CARR,OSBORNE HOMER,633209,633209,Private,0
COLLETT,JOSEPH CLOVIS,COLLETT,CLOVIS JOSEPH,817032,817032,Private,0
COLLINS,JOHN BERNARD,COCKCROFT,HARRY,109271,109271,Sergeant,0
COOK,ALBERT,CAMPBELL,THOMAS,19698,19698,Gunner,0
CROSSLEY,FREDERICK GORDON,CROSSLEY,GORDON,478690,478690,Private,0
CROTHERS,FRANCIS CARSON,CROTHERS,CARSON,2334306,2334306,Private,0
CURTIS,ROBERT STANLEY,CURTIS,STANLEY,675384,675384,Private,0
CUTLER,ROBERT GEORGE,CUTLER,HENRY GEORGE,81204,81204,Private,0
DENIS,SIGNALLER HENRI,DENIS,HENRI,416566,416566,Private,0
EUSTACE,ROBERT JAMES,EUSTACE,JAMES,781084,781084,Private,0
FOX,FRANCIS JOHN MELFORT,FOX,MELFORT FRANCIS JOHN,602526,602526,Private,0
GALVIN,PRANCIS LEO,GALVIN,FRANCIS LEO,838891,838891,Private,0
GOGGIN,,GOGGIN,JAMES PATRICK,725087,725087,Pioneer,0
GOODIE,JEROME (GERRIE),GOODIE,GERRY,821102,821102,Private,0
HALE,WALTER HENRY,HALE,HENRY WALTER,877389,877389,Private,0
HALEY,BOLTON,HALEY,JAY BOLTON,743094,743094,Private,0
HAUGHN,EARLE,HAUGHN,WALLACE EARL,478682,478682,Private,0
HOWE,EDWARD ALEXANDER,HOWE,ALEXANDER EDWARD,1000891,1000891,Private,0
HUDSON,,HUDSON,JOHN RICHARD,435705,435705,Lance Corporal,0
HUMPHRYS,BASIL GODFREY,HAYS,CHESTER,432,432,Lance Corporal,0
JOHNSON,HERMAN,JOHNSON,GEORGE HERMAN,104333,104333,Sapper,0
JOHNSON,JOSEPH WESLEY,JOHNSON,WESLEY,438681,438681,Private,0
KEOWN,WILLIAM HENRY,KEOWN,HENRY,875105,875105,Private,0
KRIVORUK,JUSTIN,KRIVORUK,EUSTON,491509,491509,Private,0
LAMARRE,ISIDORE,LAMARRE,ESIDOR,123812,123812,Private,0
LINKLATER,WILLIAM HARRY,LINKLATER,HARRY WILLIAM,657266,657266,Private,0
MALONE,PATRICK,MALONE,THOMAS PAT,541938,541938,Sapper,0
MAYER,LOUIS JOHN,MAYER,JOHN,210599,210599,Corporal,0
MCLAGAN,HAROLD BRUCE,MCLAGAN,BRUCE,781871,781871,Private,0
MORTIMER,GEORGE STANLEY,MORTIMER,STANLEY,2193348,2193348,Private,0
MOSES,WILLIAM STANLEY,MOSES,STANLEY WILLIAM,282942,282942,Private,0
MUNSON,BERTIE ROBERT,MUNSON,ROBERT BERTIE,235201,235201,Private,0
O'DONNELL,ALBERT STEPHEN BERT,ODONNELL,BERT,63702,63702,Private,0
OLSEN,NELSON RAY,OLSEN,REY (RAY) NELSON,862895,862895,Private,0
PEGG,JAMES PETER,PEGG,PETER,189868,189868,Private,0
SAWLER,ORPHEUS,SAWLER,ARPHENS,283204,283204,Private,0
SHEPPARD,ARTHUR JOHN,SCOTT,HARRY ROBERT,34404,34404,Private,0
SHORE,JOHN ARTHUR MURTON,SHORE,ARTHUR,880806,880806,Private,0
SIMPSON,WILLARD PERRY,SUTHERLAND,ROBERT PERCY,2025179,2025179,Private,0
SMITH,WILLIAM JAMES,STANLEY,SIDNEY,73959,73959,Private,0
STEPHENS,FREDERICK WILLIAM,SAMUELS,WILFRED MARTIN,931007,931007,Private,0
THOMAS,JAMES DAVID,THOMAS,DAVID JAMES,114883,114883,Lance Corporal,0
UNDERWOOD,WILLIAM PERCIVAL,UNDERWOOD,PERCY WILLIAM,523052,523052,Private,0
BAILLARGEON,PHILIPPE,BAILEY,JOSEPH,192,192,Private,0
BAIRD,ANDREW STUART,BAIRD,CHARLES,73318,73318,Lieutenant,0
BEAUREGARD,JOSEPH ARTHUR,BEAUREGARD,ARTHUR JOSEPH,3031798,3031798,Private,0
BELAIR,ALFRED,BELAIR,FRED,856784,856784,Private,0
BENNETT,MCD,BENNETT,HECTOR MCDONALD,273784,273784,Driver,0
BICK,PERCY VICTOR,BROOKER,ALFRED K,216,216,Sergeant Major,0
BILOW,JOHN,BILOW,WILLIAM JOHN,633841,633841,Private,0
BLACK,ROBERT,BLACK,BOB,243181,243181,Private,0
BLOOMFIELD,JOHN WILFRID BURGESS,BLOOMFIELD,BURGESS,524309,524309,Private,0
BOGICHEVICH,VALISA,BOGICHEVICH,WELISA,75763,75763,Sergeant,0
BOUCHER,JOSEPH ROBERT,BOUCHER,ROBERT,120879,120879,Private,0
BOWSER,THEOPHILUS SMITH,BLOWER,GEORGE,153687,153687,Cadet,0
BOYER,WILFRID,BOYA,FRED,1018696,1018696,Private,0
BRADLEY,HAROLD EDGAR,BROWN,LLOYD,210095,210095,Private,0
BRIGHTWELL,THOMAS JOHN,BARRETT,WILLIS THEODORE MCNAUGHTON,45447,45447,Private,0
BROOKS,DAVID MILLARD (JACOB),BROOKS,JACOB MILLARD,344942,344942,Driver,0
BUNTAIN,,BUNTAIN,JOHN,438991,438991,Sapper,0
BYERS,BERNARD ROBINSON,BULMAN,LEONARD,29534,29534,Private,0
CADIEUX,JOSEPH ARTHUR,CADIEUX,ARTHUR,3159336,3159336,Private,0
CAPLES,WILLIAM,CURTIS,JAMES,69173,69173,Private,0
CARSON,POTTER,CARSON,LORNE POTTER,3322599,3322599,Private,0
CASSADY,THOMAS ARTHUR,CASSADY,ARTHUR THOMAS,270186,270186,Private,0
CLARK,RICHARD JOSEPH,CRUIKSHANK,HAMILTON CHALMERS,27,27,Private,0
CONNELL,BLAKE,CONNELL,EDWARD B,820768,820768,Private,0
CORNEY,GEORGE SYDNEY,CORNEY,SIDNEY GEORGE,712679,712679,Private,0
COSSITT,HAROLD JABEZ,CHEMIN,PETRE,362,362,Gunner,0
COTE,AIME,COTE,EMILE,672560,672560,Private,0
CURRIE,HUGH,CURRIE,RONALD HUGH,3205143,3205143,Private,0
DARRACH,OSWALD,DAUPHIN,PAUL,766,766,Gunner,0
DE ROUSSY DE SALES,COUNT ANTOINE,DESALES,ANTOINE DE ROUSSY,117521,117521,Lance Serjeant,0
DESJARDINS,AIME,DESJARDINS,EIME,633570,633570,Private,0
EDWARDS,BRUCE,EDWARDS,WILLIAM BRUCE,126746,126746,Private,0
EUNSON,JOHN TULLOCK,ESTABROOKS,FRANK,152900,152900,Cadet,0
FENWICK,REGINALD,FENWICK,GEORGE REGINALD,2003597,2003597,Private,0
GADOURY,JOSEPH LOUIS ARMAND,GADOURY,LOUIS,660552,660552,Private,0
GATES,EMERSON WALDO,GATES,WALDO,283138,283138,Private,0
GERMON,THOMAS ALEXANDER,GERMON,ALEXANDER,183903,183903,Private,0
GIBEAULT,ALFRED,GIBEAULT,JOHN,145421,145421,Private,0
GILLINGHAM,WILLIAM,GILLINGHAM,JOSIAH WILLIAM,1328,1328,Sapper,0
GODIN,JOSEPH ROSAIRE,GODIN,ROSARIO JOSEPH,61361,61361,Private,0
GRENIER,ALBERT EMILE,GRENIER,EMILE,449358,449358,Private,0
GRENIER,TELESPHORE JOSEPH,GELLEY,CHARLES,291699,291699,Private,0
HAINCE,ROSARIO,HARRIS,THOMAS DENNIE,258,258,Sergeant,0
HANNENT,HAROLD OXLEY,HANNENT,OXLEY HAROLD JR,654853,654853,Private,0
HARMON,SHERMAN ROY,HARMON,ROY,648399,648399,Corporal,0
HUNTER,FRED,HUNTER,JAMES JOHN FREDERICK,908050,908050,Private,0
IRWIN,HAROLD LAWRENCE,IRWIN,LAWRENCE,2339,2339,Sapper,0
ISBESTER,JAMES,ISBESTER,GORDON JAMES,2147610,2147610,Private,0
JAMISON,JACK ROBERT,JAMISON,H JACK ROBERT ELWOOD,424956,424956,Private,0
KERACIOTZ,GUST,KERACIOTZ,R,439715,439715,Private,0
KERLEY,ALFRED GEORGE,KING,THOMAS JAMES,422103,422103,Private,0
KING,WILLIAM,KING,PETER,675843,675843,Private,0
LABERGE,JOSEPH LEONCE,LABERGE,LEON,685085,685085,Private,0
LAUE,LEROY FRANK,LAUE,ROY FRANK,3032876,3032876,Private,0
LAW,HODGSON,LAW,ROBERT,66238,66238,Private,0
LING,WILSON NORMAN,LING,NORMAN,454610,454610,Private,0
LOWTHER,NELSON SHIRLEY,LOWTHER,SHIRLEY NELSON,222544,222544,Corporal,0
MACDONALD,WILLIAM,MCARTHUR,MALCOLM,615,615,Corporal,0
MACINTYRE,ERNEST CAMPBELL,MANSON,ALEXANDER,13774,13774,Private,0
MANAHAN,LEO ALFRED,MANAHAN,ALFRED LEO,34155,34155,Private,0
MARCHAND,GUILLAUME,MARCHAND,WILLY,856133,856133,Private,0
MATHESON,JOHN RENWICK,MILNE,FRANCIS A,535997,535997,Private,0
MCHUGH,SIDNEY JAMES,MCHUGH,JAMES SYDNEY,2208356,2208356,Private,0
MCKINNON,JAMES FREDERICK,MACKINNON,FRED,877953,877953,Private,0
MCNAUGHTON,ARCHIBALD ALEXANDER,MCCULLOUGH,JOHN THOMAS,411,411,Sergeant,0
MCPHERSON,ANDREW GRAY,MACPHERSON,GRAY ANDREW,506306,506306,Sapper,0
MEANWELL,HENRY GEORGE,MEANWELL,GEORGE HENRY,141248,141248,Private,0
METHUEN,ST JOHN ARTHUR PAUL,METHUEN,ARTHUR P,42713,42713,Driver,0
MILLER,THOMAS HOOPER,MILLER,HENRY,102811,102811,Private,0
MOIR,CLIFFORD JAMES,MOIR,DOUGLAS NORMAN,107447,107447,Lieutenant,0
MOORING,FREDERICK THOMAS,METCALFE,GORDON CHESTERFIELD,905,905,Sergeant,0
MORRIS,GEORGE WILLIAM,MONTGOMERY,JOHN ALFRED,151066,151066,Corporal,0
MURCH,JOHN,MATHERS,HENRY JOSHUA,925109,925109,Private,0
NEEDHAM,HOWARD GEORGE,NEEDHAM,GEORGE HOWARD,2323430,2323430,Private,0
PARK,HARRY,POLICE,ERONIM,2173305,2173305,Private,0
PARRETT,CYRIL VIVIAN GORDON,PARRETT,GORDON VIVIAN CYRIL,745159,745159,Private,0
PAYNTER,HENRY GEORGE,PAYNTER,GEORGE HENRY,425593,425593,Private,0
PERO,PATRICK,PAUL,WILLIAM,76037,76037,Private,0
PIKE,JOHN DANIEL,PITT,CHARLES,121,121,Private,0
POOLE,,POOLE,PERCY GARFIELD,712958,712958,Private,0
PRICE,JAMES THOMAS,PHILLIPS,ROY ELWOOD,916176,916176,Private,0
RIGBY,THOMAS FRANKLIN,RIGBY,FRANKLIN THOMAS,438224,438224,Second Lieutenant,0
RILEY,WILLIAM JAMES HENRY,RILEY,JOHN WILLIAM,250080,250080,Private,0
RITCHIE,JOSEPH HENRY,ROBERTS,HARRY,2161202,2161202,Private,0
ROBB,HENRY SCOTT,ROBINSON,WALTER C,132582,132582,Private,0
ROBERTSON,HERBERT,ROBERTSON,ROBERT,466470,466470,Lance Corporal,0
SAUNDERS,JAMES FOSTER,STEELE,CHARLES,153720,153720,Cadet,0
ST ONGE,CHRISTIAN,ST ONGE,DONAT,448579,448579,Private,0
STANLEY,SIGNALLER WILLIAM STEWART,STANLEY,WILLIAM STEWART,301683,301683,Driver,0
STEWART,NEIL PASCALE,SARGENT,WILLIAM,57718,57718,Private,0
SWEENEY,GEORGE CLIFFORD,SWEENY,CLIFFORD GEORGE,282653,282653,Private,0
THOMAS,CHIPMAN,THOMAS,JOHN CHIPMAN,3180979,3180979,Private,0
WEIR,HERBERT ROY,WILLIAMS,JOHN,153510,153510,Cadet,0
WHITING,JESSE,WELLS,FRANK RANDOLPH,210996,210996,Private,0
WILKIE,SAMUEL GEORGE,WILKIE,GEORGE,246604,246604,Private,0
WILLIAMSON,GEORGE,WILLIAMSON,JAMES,37283,37283,Gunner,0
YOUNG,NOEL,YOUNG,ANDREW NOEL,2137477,2137477,Private,0
AMOND,FRED,AMOND,WALTER FRED,639944,639944,Private,0
BALEN,ALBERT,BALEN,BERT,3215150,3215150,Private,0
BALL,BERNARD BERESFORD,BULL,WILLIAM THOMAS,410698,410698,Sergeant,0
BARRACLOUGH,BARBER (PARKER),BARRACLOUGH,PARKER,3106060,3106060,Private,0
BEARD,CHARLES EDWARD,BOUCHARD,LEANDER,811675,811675,Private,0
BELL,COLONEL TRYWHITT,BELL,TERRET,853187,853187,Private,0
BENNETT,CHURCHILL EDWARD,BENNETT,EDWARD,20692,20692,Private,0
BILODEAU,PHEBUS,BILODEAU,FREBUS,3292056,3292056,Private,0
BURR,JOHN MAXWELL,BURR,MAXWELL,802757,802757,Private,0
CARTER,ARNOLD,CARTER,GILBERT ARNOLD,832220,832220,Private,0
CATTANACH,JOHN ROY,CATTANACH,ROY JOHN,928607,928607,Private,0
CLEMENT,JOSEPH VICTOR,CLEMENT,VICTOR,657100,657100,Sapper,0
CONNOLLY,ERON BERNARD,CONNOLLY,BERNARD,730445,730445,Private,0
CUTLER,JAMES EDWARD MANNING,CUTLER,MANNING,501317,501317,Sapper,0
DESHAIES,OSCAR,DESHAIES,JOSEPH OSCAR,3231369,3231369,Private,0
DOYLE,,DOYLE,MICHAEL,121635,121635,Private,0
DUPONT,JOSEPH,DUPONT,VICTOR,2140256,2140256,Private,0
ECKHARDT,ARTHUR LAVERNON,ESTABROOKS,JOHN HOMER,270168,270168,Air Mechanic 3rd Class,0
ENGLEHUTT,GEORGE ARTHUR,ENGLEHUTT,ARTHUR ALBERT,3084240,3084240,Private,0
FLEMINGTON,EDWIN ROSS,FLEMINGTON,ROSS,3130895,3130895,Private,0
GALARNEAU,HONORE,GRANGER,PAUL,3171879,3171879,Private,0
GOLDRICH,MURDOCH STANLEY,GOLDRICH,STANLEY MURDOCH,2304064,2304064,Private,0
GRAY,,GRAY,HARRY WILLIAM,256777,256777,Private,0
HALLETT,FRANK STANLEY,HALLETT,STANLEY,703979,703979,Private,0
HARDING,LAWRENCE,HARDING,WILLIAM LAWRENCE,3189896,3189896,Private,0
HARDING,VALENTINE AUGUSTUS,HARDING,AUGUSTUS V,887615,887615,Private,0
HELLINGER,ARTHUR ERNEST,HELLINGER,ERNEST ARTHUR,1045179,1045179,Private,0
HILDRETH,JAMES GORDON,HILDRETH,GORDON,883310,883310,Private,0
HUTCHINSON,SAMUEL ELMER,HUNTER,EDWARD JAMES,11564,11564,Lance Corporal,0
IRWIN,DONALD JOSEPH,IRWIN,JOSEPH,18417,18417,Sergeant,0
JOBIN,,JOBIN,JOSEPH COME,297737,297737,Private,0
JULIEN,JOSEPH ADOLPHUS,JULIEN,ADELPHUS JOSEPH,3293821,3293821,Private,0
KEYMER,FLANDERS ROY,KEYMER,ROY,1084156,1084156,Private,0
LAMPRON,ADOLPH,LAMPRON,DALPH,748090,748090,Private,0
LANTEIGNE,ALEX,LANTEIGNE,SANDY,3259632,3259632,Private,0
LAUZON,AMEDEE,LEFEBVRE,JOSEPH,3159789,3159789,Private,0
LITTLE,HARRY,LITTLE,WILLIAM HARRY,3055838,3055838,Private,0
LUNDBERG,JAN ERNST,LUNDBERG,ERNEST G,3106707,3106707,Private,0
MACDONALD,CLARE,MACDONALD,ALEXANDER CLARE,346001,346001,Private,0
MACDOUGALL,BALDWIN CHILDERHOUSE,MARTEL,JOSEPH,364,364,Lieutenant,0
MANDERSON,FRANK L,MANDERSON,LINDSAY FRANCIS,111316,111316,Sergeant,0
MCGILLIVRAY,SMITH FINLEY,MCGILLIVRAY,FINLEY SMITH,663187,663187,Private,0
MCPHERSON,WILLIAM STEWART,MCPHERSON,STEWART,715745,715745,Corporal,0
MORRIS,GEORGE,MUIR,JOHN,270048,270048,Air Mechanic 2nd Class,0
MURRISON,,MURRISON,JOHN SKELTON,883559,883559,Private,0
MYERS,SIGNALLER RICHARD STANLEY,MYERS,RICHARD STANLEY,916030,916030,Private,0
NEAR,JOSEPH HARRY,NEAR,HARRY,3314148,3314148,Private,0
OTTEWELL,SAMUEL WILFRED,OTTEWELL,WILFRED,651838,651838,Private,0
PAINE,ROY DICKSON,POVEY,CHARLES H O,174370,174370,Cadet,0
PEARSON,THOMAS,PEARSON,INGMA,183895,183895,Private,0
PEDDER,CHARLES VICTOR HUNTER,PEDDER,VICTOR,645291,645291,Private,0
PERROTT,HARRY,PHELPS,JACOB FRED MINARD,6946,6946,Lance Corporal,0
PROVOST,ALFRED,PROVOST,FRED,3034427,3034427,Private,0
RAINVILLE,JEAN BAPTISTE URGEL,RAINVILLE,URGEL,3031217,3031217,Private,0
REVELL,BERT,REVELL,AMOS E,240541,240541,Private,0
RING,HARRISON,RING,GEORGE HARRISON,794272,794272,Private,0
RISI,FRANCESCO,RISI,GAN (FRANCESCO),3105575,3105575,Private,0
ROBB,DEWAR GIBB,ROBB,GEORGE,438226,438226,Private,0
SAVAGE,KENNETH,STEEVES,WILLIAM DUNCAN,832034,832034,Driver,0
SMALLWOOD,LEOPOLD JAMES,SHARPE,JAMES HAROLD,66,66,Sergeant Major,0
SMITH,,SMITH,SIDNEY JAMES,2379862,2379862,Private,0
STEVENS,GEORGE CHAPMAN,STEVENS,WILLIAM GEORGE CHAPMAN,772195,772195,Private,0
SUKER,GENIO THOMAS,SUKER,THOMAS GENIO,415748,415748,Private,0
SUMMERTON,WALTER,STEEDS,JOHN,2763,2763,Private,0
TOURANGEAU,LOUIS,TOURANGEAU,HENRI,3322296,3322296,Private,0
VALIN,MICHAEL LESLIE,VALIN,LESLIE,648919,648919,Private,0
WHELAN,MICHAEL JOSEPH,WHELAN,JOSEPH,1042072,1042072,Private,0
WILSON,MCL,WILSON,FLETCHER MCLAREN,186732,186732,Private,0
WOODWARD,WALTER,WOODWARD,LESLIE,3353290,3353290,Private,0
BUSHELL,NATHANIEL,BUSHELL,RICHARD NATHANIEL,925997,925997,Private,0
CASHORE,DUNCAN ROY,CASHORE,ROY DUNCAN,117181,117181,Private,0
CLACK,ALBERT EDWARD,COLVILLE,JOHN,667,667,Chief Mechanician,0
DEAN,LLOYD EDWIN,DEAN,FLOYD E,274186,274186,Driver,0
FENTON,JOHN HAROLD,FENTON,HAROLD,3207275,3207275,Private,0
HAYWARD,LLOYD STANLEY CASTLE,HAYWARD,STANLEY CASTLE,403206,403206,Private,0
HOCKLEY,,HOCKLEY,HORACE GEORGE,505109,505109,Corporal,0
IMBEAULT,UGENE,IMBEAULT,EUGENE,3384115,3384115,Private,0
LAPORTE,ALCIDE,LAPORTE,JOSEPH ALCIDE,3155218,3155218,Private,0
STRAYER,REX JOSEPH,STRAYER,JOSEPH REX,3213246,3213246,Private,0
TIDD,ARTHUR WILLIAM,TIDD,WILLIAM,140240,140240,Private,0
WARDELL,JOHN JAMES,WILLIAMS,WALTER,270383,270383,Private,0
BROWN,RANDAL,BRAUDE,HARRY HENRY,955,955,Private,0
BURGESS,CLIFFORD,BROWN,ARTHUR JAMES,163245,163245,Private,0
CONNOLLY,HENRY,CARRIERE,WILLIAM,433,433,Private,0
DICKSON,THOMAS DUNCAN,DICKSON,DUNCAN,106196,106196,Sergeant,0
FORTUNE,FRANK HAROLD,FORTUNE,HAROLD FRANK,240699,240699,Private,0
GARROLD,NAUREICE PAULINE,GARROLD,MAURICE PAULINE,3236495,3236495,Private,0
HACKETT,ALEXANDER JOSEPH,HACKETT,JOSEPH,2532402,2532402,Lance Corporal,0
HANSON,VINCENT JAMES,HANSON,JAMES,3130994,3130994,Sapper,0
HESELWOOD,THOMAS,HOUSE,CONSTANTINE NICHOLAS,104316,104316,Private,0
HIBALIUK,QUILIAU,HIBALIUK,OUILIAN,685035,685035,Sapper,0
HOLDENBY,GEORGE CHRISTOPHER,HOLDENBY,CHRISTOPHER,2006494,2006494,Sapper,0
HOWE,FREDERICK PHILIP,HOWE,PHILLIP,30700,30700,Sergeant Major,0
LINDSAY,ROY,LITTLE,GURNEY PALLING,316027,316027,Cadet,0
MCCULLEY,GEORGE,MCRAE,FARQUHAR ALEXANDER,875016,875016,Private,0
MCLUSKEY,BRO,MACKENZIE,JAMES DANIEL,810,810,Private,0
MONTGOMERY,CLYDE GREGORY,MONTGOMERY,GLYDE GREGORY,306609,306609,Serjeant,0
MORVILLE,MARCEL GILBERT,MORVILLE,GILBERT MARCEL,1051487,1051487,Private,0
PARSONS,BRANDON,PICHETTE,EDOUARD,408,408,Private,0
RENNIE,WILLIAM,ROSE,ALBERT,406797,406797,Sergeant,0
ROSCOE,DAVID LESLIE,ROSCOE,LESLIE DAVID,931174,931174,Private,0
SCOTT,DOUGLAS,SCOTT,STEWART DOUGLAS,132885,132885,Private,0
SHEARER,WILLIAM,SHERAR,GORDON,889760,889760,Private,0
SMALL,FLOYD VICTOR,SMALL,LLOYD VICTOR,5242,5242,Private,0
WIEDERHOLD,KENGAW DANIEL,WIEDERHOLD,RENGAW DANIEL,1006093,1006093,Sapper,0
WORTLEY,STUART,WORTLEY,JOHN STUART,811011,811011,Private,0
BELL,THOMAS ALBERT ERNEST,BELL,ALBERT,216759,216759,Private,0
BORDEN,JAMES DONALD,BORDEN,DONALD,8145,8145,Gunner,0
BUTLER,WILLIAM,BRAY,GEORGE ALFRED,2048,2048,Chief Petty Officer,0
CAPELIN,CHARLES HARRY,CAPELIN,HARRY,466271,466271,Private,0
COBBAN,ANTHONY ADRIAN,COBBAN,TONY,811562,811562,Corporal,0
EDWARDS,JOHN GRIFFITH,EDWARDS,GRIFFITH JOHN,2024200,2024200,Private,0
GADOUAS,,GADOUAS,ARTHUR,3171434,3171434,Private,0
GEORGEFF,ANTOINE,GEORGEFF,TONY,1072093,1072093,Private,0
HALL,WILLIAM JAMES,HALL,JAMES WILLIAM,20625,20625,Private,0
HEDLEY,NORMAN,HUGHES,CHARLES,524695,524695,Private,0
IVANOSKI,ANTONI,IVANOSKI,TONI,3030603,3030603,Private,0
MATTHEWS,GEORGE,MCCRUM,JOHN EDWARD,252162,252162,Private,0
MCDONALD,WILLIAM,MCDONALD,NEIL WILLIAM,2700466,2700466,Private,0
MONTGOMERY,BRUCE,MONTGOMERY,ROBERT BRUCE,862102,862102,Sergeant,0
NORVAL,,NORVAL,WILLIAM,2775682,2775682,Sergeant,0
PADINGTON,ARTHUR JOHN,PADINGTON,JOHN ARTHUR,225827,225827,Private,0
PLUMRIDGE,,PLUMRIDGE,FREDERICK,290,290,Gunner,0
WALTERS,WILLIAM,WALTERS,HARDING WILLIAM,136162,136162,Private,0
WHITE,BERNARD,WHITE,ALLOYSIUS BERNARD,696808,696808,Private,0
BARBER,SIDNEY,BARBER,ARTHUR,63077,63077,Private,0
CARON,HONORE,CARON,NORE,661055,661055,Private,0
CROWLEY,CECIL,CARVER,LEONARD,19842,19842,Corporal,0
DAIGLE,EDWARD,DAIGLE,NED SAMUEL,2100712,2100712,Gunner,0
HADDEN,STANLEY,HADDEN,JOSEPH S,805326,805326,Company Sergeant Major,0
JOHNSON,FREDERICK WILLIAM,JONES,ERNEST IBBS,1008,1008,Sergeant,0
MCRAE,CLAUDE FORBES,MCKEOWN,ROBERT,192567,192567,Sapper,0
PITCHER,BURRELL,PITCHER,REGINALD ABBOTT BURRELL,288506,288506,Private,0
HENDERSON,GEORGE,HERSCHFIELD,SAMUEL STANLEY,763872,763872,Private,0
WINDRIM,LORENZO ALLISTER,WINDRIM,ALLISTER,486608,486608,Private,0
