LnameCas,FnameCas,LnameSol,FnameSol,Regiment,RankCasualtie,RankSoldier,Junk
ABRAHAMSEN,JOHN,ABRAHAMSON,JOHN,7825,7825,Private,0
AMY,RAULIN,AMY JR,RAULIN,63057,63057,Lance Corporal,0
ASHER,HERBERT,ASPINALL,HARRY,6274,6274,Private,0
AUGIN,JOSEPH,ANGIN,JOSEPH,108069,108069,Private,0
BANISTER,JOHN EDWIN,BANNISTER,JOHN EDWIN,74123,74123,Private,0
BARAZINI,GEORGE,BARAZINE,GEORGE,63147,63147,Private,0
BARRATT,GEORGE WILLIAM,BARRETT,GEORGE WILLIAM,63116,63116,Private,0
BARRAU,AIME JEAN,BARRAN,AIME JEAN,74222,74222,Private,0
BAYN (BOLAND),JOHN,BAYN,JOHN,72205,72205,Private,0
BISSET,THOMAS,BISSETT,THOMAS,27804,27804,Private,0
BLANCHETT,CHRISTOPHER,BLANCHETTE,CHRISTOPHER,18159,18159,Private,0
BROMMELL,ROBERT BRUCE,BERNARD,R,1062,1062,Private,0
CAMERON,WILLIAM,CREIGHTON,WILLIAM A,9181,9181,Private,0
CARROL,PETER JAMES,CARROLL,PETER JAMES,29430,29430,Lance Corporal,0
CAZMIRCHUK,WILLIAM,CAZMACHUK,WILLIAM,18331,18331,Private,0
CHANTRY,ALFRED,CHANTREY,ALFRED C,7729,7729,Private,0
CLARK,GEORGE,CLARKE,GEORGE,439,439,Private,0
CLARKE,THOMAS,CLARK,THOMAS,2517,2517,Private,0
COHEN,HARRY,CLARKE,HARRY,18330,18330,Private,0
CORDOZO,GEORGE,CORDOZA,GEORGE,11216,11216,Private,0
CORREGAN,THOMAS HOWARD,CORRIGAN,THOMAS HOWARD,1037,1037,Private,0
CROSS,HARRY PERCY,CLARK,HARRY WILLIAM JAMES,78,78,Private,0
DAFFURN,ALBERT,DAFFERN,ALBERT,118,118,Private,0
DASTOUS,AMEDEE,DASTOU,AMEDIE,26429,26429,Private,0
DE COURCY,THOMAS,DECOURCEY,THOMAS,42,42,Private,0
DE GRUCHY,JOSHUA LOVERTY,DEGRUCHY,JOSHUA LOVERTY,18608,18608,Corporal,0
DE PAIVA,JOSEPH HENRY,DEPAIVA,JOSEPH HENRY,29036,29036,Private,0
DICKSON,CHARLES,DIXON,CHARLES,46475,46475,Private,0
ELLIOT,ALEXANDER MCLAREN,ELLIOTT,ALEXANDER MCLAREN,6327,6327,Private,0
ELLMORE,WILLIAM,ELMER,WILLIAM,414333,414333,Private,0
FITZGIBBINS,GERALD,FITZGIBBONS,GERALD,20478,20478,Private,0
FLOWERS,ERNEST,FLOWER,ERNEST,19713,19713,Private,0
GALSWORTH,JAMES,GALSWORTHY,JAMES,19720,19720,Private,0
GAUGHAN,JOHN,GOW,JOHN,18198,18198,Corporal,0
GREETHAM,FRANK,GREETHANM,FRANK,10031,10031,Private,0
HAFFEDEN,ARTHUR JOHN FULLER,HAFFENDEN,ARTHUR JOHN FULLER,23279,23279,Private,0
HALLIFAX,REUBEN,HALIFAX,RUBEN,24948,24948,Private,0
HALLURD,JAMES,HALLORD,JAMES,19872,19872,Private,0
HARRIES,RODERICK,HARRIS,RODERICK,51200,51200,Private,0
HAYDON,EDWIN ERNEST,HAYDEN,EDWIN ERNEST,7637,7637,Lance Corporal,0
HIGGINBOTTOM,HENRY HEDLEY,HEDLEY,HENRY,460960,460960,Private,0
HILL,CHARLES HAYDOCK,HEMMINGS,CHARLES HAYDOCK,28739,28739,Private,0
HOMERSHAW,THOMAS GRAY,HOMERSHAM,THOMAS GRAY,51191,51191,Private,0
HOWISSON,ADAM,HOWIESON,ADAM,77990,77990,Private,0
JOHNSTON,JOHN EDGAR WAKENSHAW,JOHNSON,JOHN,51244,51244,Private,0
KEATES,ALFRED ALLEN,KEATS,ALFRED ALLAN,1152,1152,Private,0
KEERS,FREDERICK,KEIRS,FREDERICK,19878,19878,Private,0
KILBY,SAMUEL SIDNEY,KIBLY,SAMUEL SIDNEY,47425,47425,Private,0
LEAFE,THOMAS,LEAF,THOMAS,21280,21280,Private,0
LESLIE-MELVILLE,HENRY WILLIAM,LAVALLIE,HARRY,202,202,Gunner,0
MACBETH,JAMES,MCBETH,JAMES,6287,6287,Sergeant,0
MACCALLUM,ALASDAIR SMITH,MCCALLUM,ADASDAIR SMITH,6110,6110,Gunner,0
MACDONALD,ALFRED,MCDONALD,ALFRED,8121,8121,Private,0
MACDONALD,JAMES,MCDONALD,JAMES,10679,10679,Private,0
MACDONALD,JOHN GEORGE,MCDONALD,JOHN GEORGE,46971,46971,Private,0
MACDONALD,KENNETH NEIL,MCDONALD,KENNETH NEIL,24329,24329,Private,0
MACDONALD,PETER GEORGE,MCDONALD,PETER GEORGE,13763,13763,Private,0
MACDONALD,RICHARD FALCONER,MCDONALD,RICHARD F,24853,24853,Private,0
MACDONALD,RODERICK,MCDONALD,RODERICK D'ARCY,17418,17418,Private,0
MACFARLANE,HUGH,MCFARLANE,HUGH,24156,24156,Corporal,0
MACKELLAR,DUNCAN WILLIAM,MCKELLAR,DUNCAN,132898,132898,Private,0
MACLACHLAN,ANGUS,MCLACHLAN,ANGUS,848,848,Private,0
MACLEOD,GEORGE HENRY,MCLEOD,GEORGE HENRY,443357,443357,Private,0
MACLEOD,MALCOLM CHADSEY,MCLEOD,MALCOLM C,17148,17148,Private,0
MACMILLAN,JOHN HECTOR NEIL,MCMILLAN,JOHN HECTOR NEIL,81657,81657,Lance Corporal,0
MACNAUGHTON,DONALD JOHN,MCNAUGHTON,DONALD JOHN,8232,8232,Private,0
MACRITCHIE,JOHN,MCRITCHIE,JOHN,51312,51312,Private,0
MAGEEHAN,JAMES,MAGEEHAM,JAMES,6364,6364,Lance Corporal,0
MANNING,EDWARD,MOORE,EDWARD L,1970,1970,Private,0
MCDERMOTT (MACDERMOTT),CHARLES GREGORY,MACDERMOTT,CHARLES GREGORY,29255,29255,Private,0
MCDONELL,DUNCAN JAMES,MCDONNELL,DUNCAN J,29128,29128,Private,0
MCINNIS,ARTHUR,MCINNES,ARTHUR,17259,17259,Private,0
MCKENZIE,ANDREW,MACKENZIE,ANDREW,24561,24561,Private,0
MCKENZIE,JAMES,MACKENZIE,JAMES,74,74,Private,0
MCKEW,EDWARD JOHN,MACKEW,EDWARD JOHN,20704,20704,Private,0
MCLEOD,MURDO,MACLEOD,MURDO,106446,106446,Private,0
MONTANELLI,JOHN,MONTANELL,JOHN,24267,24267,Private,0
MURDOCH,JOHN,MURDOCK,JOHN,6708,6708,Private,0
NESBIT,THOMAS OSWALD,NESBITT,THOMAS OSWALD,20272,20272,Company Sergeant Major,0
O'BRIEN,CHARLES,OBRIEN,CHARLES,22781,22781,Corporal,0
O'CONNELL,WILLIAM,OCONNELL,WILLIAM,1823,1823,Private,0
O'CONNOR,CHARLES LAWRENCE,OCONNOR,CHARLES LAWRENCE BERNARD,9392,9392,Sergeant,0
O'CONNOR,JAMES,OCONNOR,JAMES,90365,90365,Gunner,0
O'DONOGHUE,TIMOTHY,ODONOGHUE,TIMOTHY,22099,22099,Private,0
O'DOWD,ROBERT,ODOWD,ROBERT,884,884,Private,0
O'HANDLEY,PETER,OHANDLEY,PETER,63698,63698,Private,0
O'KEEFE,DANIEL,OKEEFE,DANIEL,23562,23562,Private,0
O'KEEFE,ONEY,OKEEFE,ONEY,65746,65746,Private,0
O'LEARY,JOHN JOSEPH,OLEARY,JOHN JOSEPH,20656,20656,Private,0
O'NEIL,THOMAS JAMES,ONEIL,THOMAS JAMES,81678,81678,Private,0
O'NEILL,PERCY RAY,ONEILL,PERCY RAY,55676,55676,Private,0
O'NEILL,VERNER SCOTT,ONEIL,VERNON SCOTT,55677,55677,Private,0
O'REILLY,THOMAS ANTHONY,OREILLY,THOMAS ANTHONY,2552,2552,Private,0
O'ROURKE,DAVID,OROURKE,DAVID,19612,19612,Corporal,0
O'TOOLE,JOSEPH,OTOOLE,JOSEPH,42561,42561,Gunner,0
PINSONNEAULT,ELMER,PINSONEAULT,ELMER,63716,63716,Private,0
QUINN,JAMES EDWARD,QUIN,JAMES E,24640,24640,Private,0
SCHLOESSER,ALBERT,SCHLOSSER,ALBERT,28789,28789,Private,0
SHARP,ERNEST,SHARPE,ERNEST,63842,63842,Private,0
SHEPPARD,HENRY,SHEPPHARD,H C,1468,1468,Private,0
SHERRIFF,LORNE ALBERT,SHERIFF,LORNE,187,187,Private,0
SLANEY,REGINALD AMBROSE,STANEY,REGINALD AMBROSE,20259,20259,Private,0
SMALL,WILLIAM,SEWALL,WILLIAM,1354,1354,Private,0
STE MARIE,ADRIEN,ST MARIE,ADRIAN,65867,65867,Private,0
STEPHEN,JAMES,STEPHENS,JAMES,41037,41037,Gunner,0
STREETON,JOHN DE COURCY,STRETTON,JOHN DE COURCY,808979,808979,Second Lieutenant,0
STROMBEH,JACK,STROMBEK,JACK,28090,28090,Private,0
TANCRIDE,ALEXANDRE,TANCREDE,ALEXANDER,61593,61593,Private,0
THOMSON,GILBERT,THOMPSON,GILBERT,8584,8584,Private,0
TOWNSHEND,FRANCIS CHARLES,TOWNSEND,FRANK,24084,24084,Sergeant,0
TWYNAM,WILLIAM HUGH,TWYMAN,WILLIAM HUGH,16391,16391,Corporal,0
VAN RIJN,ARIE HENDRICUS,VANRYN,ARIE HENDRICUS,9257,9257,Private,0
VAN SCHEPDAEL,ANTON LEONE,VANSCHEPDAEL,A L,19632,19632,Private,0
VAN-ACHTE,PAUL,VANACHTE,PAUL,19810,19810,Private,0
VENNEEAR,WALTER,VENNEAR,WALTER,1490,1490,Private,0
WAMBOLDT,WILLIAM,WAMBOULT,WILLIAM,470012,470012,Private,0
ANETTE,HARRY ARTHUR,ANNETTE,HARRY,55141,55141,Private,0
BISHOP,ALBERT EDWARD,BURGESS,ALBERT THOMAS,7013,7013,Private,0
BRADIE,ARCHIBALD BLYTH,BRODIE,ARCHIBALD,1064,1064,Corporal,0
BRANDON,WILLIAM,BRANDOM,WILLIAM,72145,72145,Private,0
BUCHANAN,WILLIAM,BUCHANNAN,WILLIAM,219950,219950,Private,0
COSSMANN,CHARLES ERNEST,COSSMAN,CHARLES,46296,46296,Private,0
DUFFY,THOMAS,DUFFEY,THOMAS,446819,446819,Private,0
HARMAN,JOSEPH,HARMON,JOSEPH V,400930,400930,Private,0
JOHNSTON,DAVID,JOHNSON,DAVE,27909,27909,Private,0
JOHNSTON,JAMES WILLIAM,JOHNSTONE,JAMES,18516,18516,Private,0
KERAVAL,GEORGE,KIRAVAL,GEORGE,61576,61576,Private,0
KERR WILSON,ROBERT HUGH,KERR-WILSON,ROBERT HUGH,29231,29231,Private,0
L'ECUYER,EUGENE,LECUYER,EUGENE,477529,477529,Private,0
LE BLANC,ADRIEN,LEBLANC,ADRIEN,61145,61145,Private,0
MACCULLOUGH,CLIFFORD,MCCULLOUGH,CLIFFORD,716091,716091,Private,0
MACGILLIVRAY,JAMES DUNCAN MONTGOMERY,MCGILLIVRAY,JAMES,448179,448179,Private,0
MACINTYRE,ANGUS,MCINTYRE,ANGUS,81539,81539,Private,0
MACKENZIE,MELVIN,MCKENZIE,MELVIN,414132,414132,Private,0
MACKINNON,ANGUS,MCKINNON,ANGUS,154880,154880,Pioneer,0
MACLAURIN,DOUGLAS CAMERON,MCLAURIN,DOUGLAS CAMERON,24856,24856,Private,0
MACNEIL,DONALD,MCNEIL,DONALD J,24621,24621,Private,0
MCDONALD,JOHN,MACDONALD,JOHN,438026,438026,Private,0
MCDONALD,PHILIP,MACDONALD,PHILIP,710,710,Private,0
MCGILLIVRAY,STEPHEN,MCGILLIVARY,STEPHEN,414695,414695,Private,0
MCGREGOR,JOHN MURRAY,MACK,JAMES G,177,177,Private,0
MCINTYRE,DONALD,MACINTYRE,DONALD,712590,712590,Private,0
MCLEOD,JOHN ARCHIBALD,MACLEOD,JOHN ARCHIBALD,874138,874138,Private,0
MCMEEKIN,THOMAS GARDINER,MCMECKIN,T,116272,116272,Private,0
MCNEEL,JOSEPH HAROLD,MCNEIL,JOSEPH HAROLD,477658,477658,Private,0
MCWILLIAM,HERBERT,MCWILLIAMS,HERBERT,101175,101175,Private,0
MILLAN,FRANK VICTOR,MILAN,FRANK VICTOR,473106,473106,Private,0
MOWATT,JOHN LAIRD,MOWAT,JOHN LAIRD,192277,192277,Private,0
O'BRIEN,BERNARD,OBRIEN,BERNARD,65740,65740,Private,0
O'CONNELL,CHESTER ARTHUR,OCONNELL,CHESTER,454189,454189,Sergeant,0
O'DONNELL,ERNIE,ODONNELL,ERNEST E,818010,818010,Private,0
O'KEEFE,ARTHUR,OKEEFE,ARTHUR,23561,23561,Private,0
O'KEEFE,FRANCIS,OKEEFE,FRANCIS JOSEPH,687659,687659,Private,0
O'NEILL,ANNESLEY,ONEILL,ABRAHAM,700394,700394,Private,0
PLEMENNIK,IVAN,PLEMENNICK,IVAN,417850,417850,Private,0
POULSON,MORRIS,POULSEN,MORRIS,430201,430201,Private,0
RAE (REA),ALAN,RAE,ALAN,802821,802821,Private,0
ROONEY,HENRY,RAINEY,HARRY JOSEPH,402987,402987,Private,0
ROUSINTHOL,MOSES JOSEPH,ROUSINTHAL,MOSES JOSEPH,53905,53905,Corporal,0
SALTSMAN,JOHN KLINE,SHAW,JOHN,443082,443082,Private,0
SEELY,LESLIE GILBERT,SEELEY,LESLIE GILBERT,69945,69945,Private,0
SLAUNWHITE,CHARLES HOWARD,SLAUENWHITE,CHARLES H,69888,69888,Corporal,0
SMYTH,ALLAN MATHEW EMERY,SMITH,ALLAN,2867,2867,Private,0
STEPHENS,WILLIAM,STEPHEN,WILLIAM,503742,503742,Sapper,0
STURMEY,THOMAS,STURNEY,THOMAS,57936,57936,Private,0
THOMSON,LESLIE,THOMPSON,LESLIE,432411,432411,Private,0
VAN EVERY,WILLIAM,VANEVERY,WILLIAM ELMYR,766096,766096,Private,0
ACHESON,WEIR HENRY,ACHESOM,WEIR HENRY,814,814,Lance Sergeant,0
ARSENEAULT,EDWARD,ARSENAULT,EDWARD,417712,417712,Private,0
BLAKELEY,WILLIAM HENRY,BLAKELY,WILLIAM HENRY,463825,463825,Pioneer,0
BLUNDUN,GEORGE,BLUNDEN,GEORGE,104151,104151,Pioneer,0
BOURGOING,JOSEPH ALCIDE,BOURGOIN,JOSEPH,445123,445123,Private,0
BRAYLEY,JOHN WESTLEY,BRALEY,JOHN,466242,466242,Private,0
BURGES,FRANK LACKLAN,BURGESS,FRANK LACKLAN,71129,71129,Private,0
CARBERRY,EDWARD,CARBERY,EDWARD,478753,478753,Private,0
CARROTHERS,CHARLES WILFRED,CARRUTHERS,CHARLES WILLIAM,477158,477158,Private,0
COCHRAN,JAMES,COCHRANE,JAMES,503370,503370,Sapper,0
COGGON,PHILIP,COGGAN,PHILIP,77806,77806,Private,0
CONNELLY,JOSEPH,CONNOLLY,JOSEPH,457763,457763,Private,0
CROCKFORD,ALFRED WILLIAM,CROCHFORD,ALFRED,27324,27324,Private,0
D'ALL,GEORGE,DALL,GEORGE,63260,63260,Lance Corporal,0
D'ENTREMONT,LEO ZACHRIE,DENTREMONT,LEO,477244,477244,Lance Corporal,0
D'HORSET,LOUIS,DHORSET,LOUIS,489199,489199,Private,0
DE LARONDE,DENNIS,DELARONDE,DENNIS,439521,439521,Private,0
DE LAY,JOHN AMERICAS,DELAY,JOHN AMERICAS,436342,436342,Private,0
DE VILLIERS,CORNELIUS ERNUSTUS,DEVILLIERS,CORNELIUS E,13229,13229,Private,0
DES BRISAY,ERIC MERRIL,DESBRISAY,ERIC MERRILL,98,98,Sapper,0
DI CESESE,PIETRO,DICESESE,PETER,823345,823345,Private,0
DOIG,JOHN GEORGE,DOIGE,JOHN GEORGE,452416,452416,Sergeant,0
ELRICK,NOEL BEALBY,ELRICH,NOEL B,437128,437128,Private,0
ENGSTRAM,LOUIS JOHN,ENGSTROM,LOUIS JOHN,117014,117014,Private,0
EVESON,FRANK,EVERSON,FRANK,501045,501045,Sapper,0
GARFUNKLE,HAROLD,GARFUNKEL,HAROLD,136470,136470,Private,0
HATHAWAY,JOSEPH,HATHEWAY,JOSEPH,111218,111218,Private,0
HAZELGROVE,ARTHUR WALTER,HASELGROVE,ARTHUR W,63442,63442,Lance Corporal,0
HUTCHINSON,JAMES JOHNSTON,HUTCHISON,JAMES JOHNSTON,477446,477446,Private,0
ISAACS,ERNEST WILLIAM,ISAAC,ERNEST WILLIAM,603117,603117,Private,0
LANDKASKY,JOHN GEORGE,LANDKOSKI,JOHN GEORGE,433141,433141,Private,0
LASENKO,MIKE,LISENKO,MIKE,913157,913157,Private,0
LE BLANC,PAUL EMILE,LEBLANC,PAUL EMILE,416331,416331,Private,0
LE BOUTILLIER,FRANCIS,LEBOUTILLIER,FRANK,267798,267798,Private,0
LE PAGE,JOHN,LEPAGE,JOHN G W,408141,408141,Private,0
LE PAGE,WILFRID,LEPAGE,WILFRED,440026,440026,Private,0
LE TISSIER,JAMES,LETISSIER,JAMES,75580,75580,Private,0
LECRAW,WILBROD,LECRAU,WILLIAM,144183,144183,Private,0
LEGGET,EDWARD WILLIAM,LEGGE,EDWARD WILLIAM,3320488,3320488,Private,0
LEMIEUX,WILFRID,LAGACE,WILLIE,494,494,Private,0
LYNAGH,MICHAEL,LYNACH,MICHAEL,503377,503377,Sapper,0
MACBRIDE,MALCOLM MACKENZIE,MCBRIDE,MALCOLM MCKENZIE,418188,418188,Private,0
MACCARLIE,MANLEY HARRISON,MCCARLIE,MANLEY HARRISON,14978,14978,Private,0
MACDONALD,DANIEL,MCDONALD,DANIEL,446420,446420,Private,0
MACDONALD,DONALD DUNCAN,MCDONALD,DONALD D,132817,132817,Lance Corporal,0
MACDONALD,DUNCAN,MCDONALD,DUNCAN,420323,420323,Private,0
MACDONALD,JAMES,MCDONALD,JAMES,108361,108361,Private,0
MACDONALD,JOHN KENNETH,MCDONALD,JOHN KENNETH,471050,471050,Private,0
MACDOUGAL,EDWIN JAMISON,MCDOUGAL,EDWIN J,5238,5238,Lance Corporal,0
MACDOUGALL,RUSSELL,MCDOUGALL,RUSSELL HUGH,725536,725536,Lance Corporal,0
MACFARLANE,EDWARD ALEXANDER,MCFARLANE,EDWARD ALEXANDER,113430,113430,Private,0
MACGREGOR,HECTOR ROBERT,MCGREGOR,HECTOR R,415068,415068,Private,0
MACINTYRE,HERBERT CECIL,MCINTYRE,HERBERT CECIL,108418,108418,Lance Corporal,0
MACKELLAR,JAMES,MCKELLAR,JAMES,27928,27928,Private,0
MACKENZIE,JOSEPH,MCKENZIE,JOSEPH,426068,426068,Lance Serjeant,0
MACLAREN,WALTER MCNAB,MCLAREN,WALTER,430806,430806,Private,0
MACLEOD,NORMAN,MCLEOD,NORMAN,424347,424347,Private,0
MACNEIL,JOHN MURDOCH,MCNEIL,JOHN MURDOCK,67630,67630,Private,0
MACPHIE,JOHN,MCPHIE,JOHN,445389,445389,Private,0
MACQUOID,CHARLES LOREN,MCQUOID,CHARLES L,69665,69665,Private,0
MACRAE,HUBERT WESLEY,MCRAE,HUBERT WESLEY,444898,444898,Private,0
MACWILLIAMS,JOHN DALTON,MCWILLIAMS,JOHN DALTON,809185,809185,Sergeant,0
MCBEAN,GUY,MACBEAN,GUY,709840,709840,Private,0
MCCLUSKEY,WALTER SHERMAN,MCCLUSKY,WALTER SHERMAN,111351,111351,Corporal,0
MCCULLAGH,JAMES,MCCULLOGH,JAMES,439274,439274,Lance Corporal,0
MCDONALD,JOHN,MACDONALD,JOHN,447257,447257,Private,0
MCLAUGHLIN,FERGUS GEORGE,MCLAUCHLIN,FERGUS,7813,7813,Private,0
MCLUCKIE,ROBERT FOUNTAIN,MACLUCKIE,ROBERT FOUNTAIN,475971,475971,Private,0
MCMATH,NELSON CAMPBELL,MACMATH,NELSON,426750,426750,Private,0
MCNICOLL,GEORGE,MCNICOEL,GEORGE ALEXANDER,835930,835930,Private,0
MCRAE,DONALD,MACRAE,DONALD,153067,153067,Private,0
MITCHELL,JAMES,MCKENZIE,JAMES MITCHELL,75675,75675,Private,0
MOORCROFT,HAROLD JAMES,MOORE,HAROLD,169006,169006,Private,0
MORRISON,FREDERICK ISRAEL,MORNEAU,FREDERICK ISRAEL,751119,751119,Private,0
MORTON (RICHARDSON),GEORGE,MORTON,GEORGE,486579,486579,Private,0
NEVILL,SIDNEY ARTHUR,NEVILLE,SIDNEY ARTHUR,622942,622942,Private,0
NEWCOMB,CLYDE,NEWCOMBE,C E,69716,69716,Private,0
NIELSON,ARTHUR EDGAR,NIELSEN,ARTHUR EDGAR,110427,110427,Private,0
O'BRIEN,GEORGE,OBRIEN,GEORGE,46179,46179,Sergeant,0
O'BRIEN,JOHN KENNETH,OBRIEN,JOHN KENNETH,167096,167096,Corporal,0
O'BRIEN,JOSEPH,OBRIEN,JOSEPH,709410,709410,Lance Corporal,0
O'BRIEN,WALTER BURRITT,OBRIEN,WALTER BURRITT,460588,460588,Private,0
O'BRIEN,WILLIAM,OBRIEN,WILLIAM,400590,400590,Private,0
O'CONNOR,JACK (JOHN),OCONNOR,JACK,126720,126720,Private,0
O'CONNOR,RODERICK EDMUND,OCONNOR,RODERICK EDMOND,40693,40693,Gunner,0
O'DELL,WILLIAM,ODELL,WILLIAM,6531,6531,Corporal,0
O'KANE,DANIEL,OKANE,DANIEL,46872,46872,Private,0
O'LEARY,FRANK,OLEARY,FRANK,781545,781545,Private,0
O'LEARY,RICHARD GORDON,OLEARY,RICHARD GORDON WELSEY,475456,475456,Private,0
O'NEILL,JAMES,ONEILL,JAMES,440858,440858,Private,0
O'SHAUGHNESSY,WALTER,OSHAUGHNESSY,WALTER,418426,418426,Private,0
OUELLETTE,JOSEPH,OUELLET,JOSEPH,417507,417507,Pioneer,0
PATERSON,DAVID,PATTERSON,DAVID,477702,477702,Lance Corporal,0
PHIBLIN,JOHN,PHILBIN,JOHN,427159,427159,Private,0
PHILIPPS,ARTHUR OWEN,PHILLIPS,ARTHUR OWEN,117043,117043,Sergeant,0
RANKINE,MATTHEW TEASDALE,RANKIN,MATTHEW,108476,108476,Private,0
SANDFORD,WILLIAM,SAUDFORD,WILLIAM ED,754864,754864,Private,0
SAVOIE,FRANK,SAVOY,FRANK,445138,445138,Private,0
SIMMONS,EDMOND JOSEPH,SIMONS,EDMUND,445321,445321,Private,0
SUMNER,JOSHUA,SUMMER,JOSHUA,441763,441763,Private,0
TURNER,JAMES,TAYLOR,JOHN,4804,4804,Private,0
VALLET,WILLIAM,VALLETT,WILLIAM,45344,45344,Sapper,0
VAN LUVEN,LORNE,VANLUVEN,LORNE,409245,409245,Private,0
VIENS,OMER,VIEN,OMER,34548,34548,Private,0
WIFFEN,FREDERICK,WIFFIN,FREDERICK,602874,602874,Private,0
AITCHISON,JAMES,AITCHESON,JAMES,441507,441507,Private,0
ARBICK,EDWARD,ARBIC,EDDIE,177856,177856,Private,0
ARSENAULT,HARRY,ARSENEAULT,HARRY,69019,69019,Private,0
AYLWARD,JOHN JOSEPH,ALYWARD,JOSEPH JOHN,713200,713200,Private,0
BEAUREGEARD,PHILIAS,BEAUREGARD,PHILIAS,455677,455677,Private,0
BEGG,JAMES,BEGGS,JAMES,199066,199066,Private,0
BEYER,FRANK,BEYEA,FRANK,69091,69091,Private,0
BJARNASON,BARNEY,BJARNSON,BARNEY,186022,186022,Private,0
BRAZEAU,ELIE,BRAZANO,ELIE,201125,201125,Private,0
BRECKELL,ROBERT JAMES,BRECKNELL,ROBERT JAMES,74106,74106,Lance Corporal,0
BROWN,WILFRED EWART,BROWNE,WILFRED EWART,453604,453604,Private,0
BURNES,WILLIAM ALBERT,BURNS,WILLIAM,454219,454219,Corporal,0
CANDIBLE,THOMAS,CALLAHAN,THOMAS,59130,59130,Private,0
CARMEN,CHARLES,CARMAN,CHARLES,477153,477153,Private,0
CAVALLERO,EMILIO,CAVALIERO,EMILIO,442558,442558,Private,0
CAYLEY,LEONARD,CAYLAY,LEONARD,447316,447316,Sapper,0
CHARNLEY,JOHN WILLIAM,CHARNELY,JOHN WILLIAM,445278,445278,Private,0
CLARK,GEORGE WILLIAM,CLARKE,GEORGE WILLIAM,739356,739356,Private,0
COCKRANE,HENRY,COCHRANE,HENRY,437739,437739,Private,0
CROSSMAN,THOMAS CHARLES,CROSSMAAN,THOMAS CHARLES,33032,33032,Private,0
CUMING,WILLIAM,CUMMING,WILLIAM,466575,466575,Private,0
CUMMINS,GEORGE,CUMMINGS,GEORGE,187033,187033,Private,0
D'ALMAINE,ROY,DALMAINE,ROY,401732,401732,Private,0
D'AMOUR,PATRICK,DAMOUR,PATRICK,73442,73442,Private,0
DAHLBERG,OLE,DAHLBERY,OLAF,700092,700092,Private,0
DANJAUE,JOSEPH,DANJEAU,JOSEPH,417141,417141,Private,0
DE BEAUJOUR,GEORGE,DEBEAUJOUR,GEORGE,121578,121578,Private,0
DE FRIEZ,FORBES ELLIOTT,DEFFRIEZ,FORBES ELLIOTT,42475,42475,Bombardier,0
DE LA GORGENDIERE,REGIS FRANCIS FLEURY,DELAGORGENDIERE,REGIS F H,13727,13727,Private,0
DE LA HAYE,WILFRED,DELANEY,WILFRED,105721,105721,Private,0
DE LISLE,ALFRED WALTER,DELISLE,ALFRED WALTER,703999,703999,Private,0
DE WOLFE,CLYDE ABNER,DEWOLFE,CLYDE ABNER,469846,469846,Private,0
DE WOLFE,ROSCOE DELBERT,DEWOLFE,ROSCOE D,145438,145438,Private,0
DE YOUNG,GORDON,DEYOUNG,GORDEN,414818,414818,Private,0
DELBROUCK,GASTON,DELBROUCH,GASTON,150876,150876,Private,0
DESCHENES,ALPHONSO,DESCHESNE,ALPHONSE,61566,61566,Private,0
DESILET,AMEDEE,DESILETS,AMEDE,416867,416867,Private,0
DESLAURIERS,JOSEPH,DELAURIER,JOSEPH,144306,144306,Private,0
DONOHUE,JAMES,DONAHUE,JAMES,69231,69231,Private,0
DYLE,JOHN,DYLER,JOHN,81235,81235,Private,0
DZHOBIEWSKI,MICHAEL,DZHEBEROSKI,MICHAEL,417951,417951,Private,0
EGGERTSSON,INGVAR,EDGARSON,I,426244,426244,Private,0
EGGO,JOHN OGILVIE,EGO,JOHN OGILVIE,153788,153788,Private,0
EYKELBOSH,FRANCIS WILLIAM,EGKELBOSCH,FRANCIS WILLIAM,434714,434714,Private,0
FREDERICK,CHARLES,FREDRICK,CHARLES,183305,183305,Private,0
FREROT,FERNAND,FRIROT,FERNAND,23655,23655,Private,0
FULLSHER,EDWIN WILLIAM,FULSHER,EDWIN WILLIAM,124420,124420,Private,0
GANZUR,DANIEL,GANDZUR,DANIEL,417833,417833,Private,0
GARELINKO,ALEX,GARELENKO,ALEX,704123,704123,Private,0
GERVIN,WALTER,GIRVIN,WALTER,113017,113017,Private,0
GIGANT,PHILIAS,GIGAULT,PHILIAS,448883,448883,Private,0
GILLESPLE,DAVID BRYCE,GILLESPIE,DAVID BRYCE,442909,442909,Sergeant,0
GRAVENEY,WILLIAM KILLEEN,GRAVENY,WILLIAM K,75004,75004,Sergeant,0
GREGALAITIS,CONSTANTINE,GREGALAIT,CONSTANTIN,447757,447757,Private,0
GUNNE,ARTHUR JOHN,GUNN,ARTHUR JOHN,124744,124744,Private,0
HACHEY,ANTHONY,HOBIC,ANTONIO,129,129,Private,0
HANEY,BERNARD DAVID,HENY,BERNARD,178239,178239,Private,0
HINTON,THOMAS,HINTEN,THOMAS,1306,1306,Private,0
HOLT,JAMES HENRY,HENRY,JAMES,68079,68079,Private,0
HURLBURT,PETER COWIE,HURLBERT,PETER COWIE,452450,452450,Private,0
HUTON,D'ARCY WENTWORTH,HUTTON,D'ARCY WENTWORTH,440948,440948,Private,0
JASKALA,ANTON,JASKALE,ANTON,437374,437374,Private,0
JOBLING,RICHARD,JOBLIN,RICHARD,108311,108311,Private,0
JULLER,HARRY STRATIS,JULLEY,HARRY STRATIS,443146,443146,Private,0
KLIMUCK,OSIP,KLEMUCK,OSIP,442703,442703,Private,0
KLUBOX,JOHN,KLUBOK,JOHN,145873,145873,Private,0
KONONUK,ALEX,KONONUKE,ALEX,931244,931244,Private,0
KOZAKEVITCH,MATVEI,KOZAKEWICK,MATVEI,417124,417124,Private,0
LAFAVE,JOSEPH EDWARD,LEFAVE,JOSEPH EDWARD,81506,81506,Corporal,0
LAMADELEINE,ARTHUR,LAMADELLINE,ARTHUR,416718,416718,Private,0
LARSEN,ARNOLDIS,LARSON,ARNOLDIS,181143,181143,Private,0
LE BALLISTER,JAMES HENRY,LEBALLISTER,JAMES HENRY,455567,455567,Private,0
LE BLANC,JOSEPH,LEBLANC,JOSEPH,460107,460107,Private,0
LE FRANCOIS,PHILLIPPE,LEFRANCOIS,PHILIPPE,417922,417922,Private,0
LE GRAND,ARTHUR PHILIP,LEGRAND,ARTHUR,110312,110312,Private,0
LE LACHEUR,ARTHUR WILBERT,LELACHEUR,ARTHUR WILBERT,177647,177647,Private,0
LE ROUGETEL,BERTRAM,LEROUGETEL,B,477535,477535,Corporal,0
LECLERC,ROGER,LECLAIR,ROGER,437162,437162,Private,0
MACCUSWORTH,ARTHUR FRED,MCCUSWORTH,ARTHUR,177244,177244,Corporal,0
MACDONALD,DONALD,MCDONALD,DONALD,629503,629503,Corporal,0
MACDONALD,HARRY CAMPBELL,MCDONALD,HARRY CAMPBELL,85757,85757,Corporal,0
MACDONALD,JOHN,MCDONALD,JOHN,161157,161157,Private,0
MACDONALD,WALTER JOSEPH,MCDONALD,WALTER JOSEPH,736993,736993,Private,0
MACEACHERN,WARREN,MCEACHERN,WARREN,67060,67060,Private,0
MACFARLANE,WILLIAM,MCFARLANE,WILLIAM,1695,1695,Private,0
MACINTYRE,JOHN WILLIAM,MCINTYRE,JOHN WILLIAM,68338,68338,Private,0
MACKAY,JOHN ALEXANDER,MCKAY,JOHN,452013,452013,Private,0
MACKENZIE,DONALD,MCKENZIE,DONALD,425141,425141,Private,0
MACKENZIE,GEORGE CAMPBELL,MCKENZIE,GEORGE CAMPBELL,419051,419051,Private,0
MACKINNON,ALEXANDER,MCKINNON,ALEX BENEDICT,415290,415290,Private,0
MACKINNON,LAUCHLIN JAMES,MCKINNON,LAUGHLIN JAMES,817124,817124,Private,0
MACLEAN,IVAN,MCLEAN,IVAN,79533,79533,Private,0
MACLEAN,JAMES ALFRED,MCLEAN,JAMES ALFRED,105510,105510,Private,0
MACLENNAN,KENNETH,MCLENNAM,KENNETH FINLAYSON,51049,51049,Private,0
MACLENNAN,NORMAN,MCLENNAN,NORMAN,427017,427017,Private,0
MACORMACK,STANLEY,MACCORMACK,STANLEY,83971,83971,Corporal,0
MACPHERSON,NEIL ALEXANDER,MCPHERSON,NEIL ALEXANDER,469862,469862,Private,0
MACQUARRIE,JOHN,MCQUARRIE,JOHN,46514,46514,Private,0
MACQUARRIE,MALCOLM WILLIAM,MCQUARRIE,MALCOLM WILLIAM,68274,68274,Lance Corporal,0
MACRAE,WILLIAM,MCRAE,WILLIAM,405630,405630,Private,0
MACWILLIAM,WILLIAM ANDREW,MCWILLIAM,WILLIAM ANDREW,13261,13261,Private,0
MCCANN,JOHN,MURPHY,JAMES,2829,2829,Sapper,0
MCCARVEL,JAMES JOHN,MCCARVELL,JAMES JOHN,107383,107383,Sergeant,0
MCDONALD,DONALD,MACDONALD,DONALD,902070,902070,Private,0
MCDONALD,KENNETH,MACDONALD,KENNETH,66267,66267,Private,0
MCDONALD,NORMAN,MACDONALD,NORMAN,160778,160778,Private,0
MCEWAN,WILLIAM,MCEWEN,WILLIAM,452476,452476,Sergeant,0
MCINNES,DANIEL JOHN,MCINNIS,DANIEL JOSEPH,187114,187114,Private,0
MCKITTERICK,DAVID,MCKITTRICK,DAVID,437974,437974,Private,0
MCLAUCHLIN,ROBERT,MCLAUGHLIN,ROBERT,477647,477647,Private,0
MCLEOD,MURDOCH,MACLEOD,MURDOCH M,400668,400668,Private,0
MCTOMNEY,SOLOMAN JOHN,MCTONNEY,SOLOMON JOHN,130015,130015,Private,0
MELESKI,MARKO,MELESKY,MARKO,449380,449380,Private,0
METELRA,ALEXANDER,METELKA,ALEXANDER,214359,214359,Private,0
NICHOLS,JAMES,NICHOLAS,JAMES,100660,100660,Private,0
O'BRIEN,AVARD,OBRIEN,AVARD,477680,477680,Lance Corporal,0
O'BRIEN,GEORGE,OBRIEN,GEORGE,71298,71298,Corporal,0
O'BRIEN,JAMES FRANCIS,OBRIEN,JAMES FRANCIS,41572,41572,Sergeant,0
O'BRIEN,JOHN,OBRIEN,JOHN,73397,73397,Lance Corporal,0
O'BRIEN,THOMAS JOSEPH,OBRIEN,THOMAS JOSEPH,65741,65741,Private,0
O'BRIEN,WILLIAM JAMES,OBRIEN,WILLIAM JAMES,444245,444245,Private,0
O'BYRNE,JOHN LAWRENCE,OBYRNE,JOHN L,145294,145294,Private,0
O'CALLAGHAN,EDWIN,OCALLAGHAN,EDWARD,1033068,1033068,Private,0
O'CONNELL,CHARLES,OCONNELL,CHARLES W,53372,53372,Company Sergeant Major,0
O'CONNELL,JEREMIAH,OCONNELL,JEREMIAH,470029,470029,Private,0
O'CONNOR,JAMES,OCONNOR,JAMES,180972,180972,Private,0
O'CONNOR,JOHN MARTIN JAMES,OCONNOR,JOHN MARTIN JAMES,132607,132607,Private,0
O'CONNOR,JOSEPH,OCONNOR,JOSEPH,219939,219939,Private,0
O'CONNOR,WILLIAM,OCONNOR,WILLIAM,105053,105053,Private,0
O'CONNOR,WILLIAM,OCONNOR,WILLIAM,65742,65742,Private,0
O'CONNORS,JOHN,OCONNORS,JOHN,133067,133067,Private,0
O'DONNELL,GEORGE ROBERT,ODONNELL,GEORGE ROBERT,228491,228491,Private,0
O'DROWSKY,ROBERT STANISLAUS,ODROWSKY,ROBERT STANISLAUS,127547,127547,Private,0
O'FLYNN,D'ARCY ALGERNON CUTHBERT,OFLYNN,DARCY ALGIMON CUTHBERT,629637,629637,Sergeant,0
O'HANDLEY,JAMES,OHANDLEY,JAMES,469635,469635,Sapper,0
O'HANDLEY,JOHN,OHANDLEY,JOHN,69737,69737,Private,0
O'HARA,JOSEPH,OHARA,JOSEPH,177327,177327,Private,0
O'HARA,LESTER CONWELL,OHARA,LESTER CONWELL,469981,469981,Private,0
O'HARA,WILLIAM,OHARA,WILLIAM,466214,466214,Private,0
O'HARA,WILLIAM,OHARA,WILLIAM,63695,63695,Sapper,0
O'HARE,PATRICK,OHARE,PATRICK,142538,142538,Private,0
O'KEEFE,HARRY,OKEEFE,HARRY,136576,136576,Private,0
O'LEARY,CHARLES HERBERT,OLEARY,CHARLES,59762,59762,Lance Corporal,0
O'LEARY,HARVEY,OLEARY,HARVEY,169012,169012,Private,0
O'MEARA,ALFRED,OMEARA,ALFRED,475334,475334,Private,0
O'MEARA,MICHAEL PATRICK,OMEARA,MICHAEL,142121,142121,Private,0
O'NEIL,CLIFFORD JAMES,ONEIL,CLIFFORD JAMES,410163,410163,Private,0
O'NEILL,LEWIS,ONEILL,LEWIS,164463,164463,Private,0
O'NEILL,PATRICK JOSEPH,ONEILL,PATRICK JOSEPH,410572,410572,Corporal,0
O'REILLY,PATRICK,OREILLY,PATRICK,163976,163976,Sapper,0
O'REILLY,WILLIAM JOSEPH,OREILLY,WILLIAM JOSEPH,455167,455167,Private,0
O'ROURKE,EDWARD,OROURKE,EDWARD,132288,132288,Private,0
OLIVE,CHARLES JOHN,OLIVER,CHARLES J,136368,136368,Private,0
ORD,JAMES SMITH,OERD,JAMES,152604,152604,Private,0
OXMAN,JOHN,OXNAM,JOHN,629559,629559,Private,0
PATERSON,WILLIAM,PATTERSON,WILLIAM,75373,75373,Private,0
PESTERNEK,RUDOLF,PESTRNEK,RUDOLPH,100638,100638,Private,0
PETTIT,CORNELIUS,PETTITT,CORNELIUS,478900,478900,Private,0
PROCTOR,HARRIS,PROCTER,HARRIS,700971,700971,Private,0
PROCTOR,LESLIE WILLIAM,PROCTER,LESLIE WILLIAM,430935,430935,Gunner,0
QUIN,JOHN,QUINN,JOHN,442910,442910,Private,0
RAMDAL,LEO,RAINDAL,LEO KRISTIAN SOREN,121855,121855,Private,0
RAMSAY,JOSEPH GEORGE,RAMSEY,JOSEPH GEORGE,90307,90307,Bombardier,0
RIDEAL,WILLIE,RIDDELL,WILLIAM FRED,59835,59835,Private,0
SEELEY,WILLIE,SEELY,WILLIE,425301,425301,Private,0
SHARP,CHARLES JACKSON,SHARPE,CHARLES JACKSON,423109,423109,Private,0
SHARP,FRED,SHARPE,FRED,148221,148221,Sergeant,0
SMITTON,SAMUEL,SMITTEN,SAMUEL,477862,477862,Lance Corporal,0
SMYTH,BERNARD HENRY,SMITH,BERNARD HENRY,408533,408533,Private,0
SPENCER-SMITH,HERBERT,SMITH,HERBERT SPENCER,433039,433039,Private,0
STREETON,JAMES,STRUTON,JAMES,425379,425379,Private,0
THIBEAULT,ALCIDE,THIBAULT,ALCIDE,23060,23060,Private,0
THUESEN,THUE HANS,THUESON,THUE HANS,442829,442829,Private,0
VAN AUDENARDE,PHILIP,VANAUDENARDE,PHILIP,307726,307726,Driver,0
VAN TASSEL,WALTER,VANTASSEL,WALTER,70009,70009,Private,0
VAN WESSEM,CHRISTIAN JACOB,VANWESSEM,CHRISTIAN JACOB,471075,471075,Private,0
VANDER-HAYDEN,FLORIAN,VANDERHAYDEN,FLORIAN,65999,65999,Private,0
VILLENEWE,ABEL,VILLENEUVE,ABEL,61688,61688,Private,0
VIPON,HORATIO NELSON,VIPOND,HORATIO,126050,126050,Private,0
WELCK,ALBERT FRED,WELCH,ALBERT FRED,105743,105743,Private,0
WHITTL,EDWIN,WHITTLE,EDWIN,117624,117624,Sergeant,0
WIBERG,EDWARD FREDERICK,WIBERY,EDWARD FREDERICK,101720,101720,Private,0
WILCOCK,THOMAS,WILLCOCK,THOMAS,14935,14935,Private,0
WILCOCK,WILLIAM HENRY,WILCOX,WILLIAM HENRY,171554,171554,Private,0
WILDGOOSE,ARTHUR,WILD,ARTHUR,447244,447244,Private,0
ABBOT,DAVID,ABBOTT,DAVID,228447,228447,Private,0
AITCHISON,ERNEST LAVERN,AITCHESON,ERNEST,305051,305051,Driver,0
ANDERSEN,CHRISTIAN,ANDERSON,CHRISTIAN,781008,781008,Private,0
ARSNEAU,GILBERT,ARSENEAU,GILBERT,414531,414531,Private,0
BAIRD (SCOTT),JAMES,BAIRD,JAMES,552838,552838,Private,0
BEUTLICH-MILLAR,FINLAY,BEUTLICH-MILLER,FINLEY,228386,228386,Private,0
BLEAKLY,JAMES ALEXANDER,BLEAKLEY,JAMES ALEXANDER,624781,624781,Private,0
BOCHEL,JAMES,BACHEL,JAMES,505100,505100,Sapper,0
BODEN,ALBERT EBENEZER,BODEM,ALBERT EBENEZER,126267,126267,Private,0
BUTTAZONI,ANTONIO,BUTTAZZONI,ANTONIE,657019,657019,Private,0
CAPEWELL,JOSEPH THOMAS,CAPEWLL,JOSEPH THOMAS,799605,799605,Private,0
CAPPUCCI,NAZZARENO,CAPUCCI,NAZARENO,808928,808928,Private,0
CARLE,RICHARD PROSPER,CARLI,RICHARD PROSPER,117178,117178,Corporal,0
CARTER,JOHN HORACE,CLIMO,JOHN COLIN,1632,1632,Private,0
CLARK,JOHN DUFF,CARSON,JOSEPH,1519,1519,Trooper,0
CLARK,STANLEY,CLARKE,STANLEY,443130,443130,Lance Corporal,0
CLARKE,ARCHIE,CLARK,ARCHIE,901079,901079,Private,0
COLMAN,ALBERT,COLEMAN,ALBERT,907161,907161,Private,0
CORNWELL,HARRY,CORNWALL,HENRY,458179,458179,Private,0
D'ARCY,DE VERE EDWARD,DARCY,DEVERE EDWARD,222879,222879,Private,0
D'ENTREMONT,WILLIAM RODOLPHE,DENTREMONT,WILLIAM RUDOLPH,734404,734404,Private,0
DE LA COURNEWE,MONTAGU,DELACOURNEUVE,MONTAGUE T,192398,192398,Private,0
DE LEENHEER,NAPOLEON,DELEENHEER,NAPOLEON,688282,688282,Private,0
DE LEPELEER,ALPHONSE,DELEPELEER,ALPHONSE,925859,925859,Private,0
DE LONG,MARK LORNE,DELONG,MARK LORNE,931212,931212,Private,0
DE MILL,FRANK,DEMILL,FRANK,540352,540352,Private,0
DE MONT,ROBERT BENNETT,DEMONT,ROBERT,222737,222737,Private,0
DE TONKEY,CLARENCE,DETONKEY,CLARENCE,657143,657143,Private,0
DE WOLFE,HENRY BURTON,DEWOLFE,HENRY B,475473,475473,Private,0
DUNN,THORNTON WANLACE,DEWAR,THOMAS HAMILTON,181,181,Private,0
ENDRESS,RICHARD FULLER,ENDRESSE,RICHARD FULLER,208345,208345,Lance Corporal,0
EREAUT,GORDON STEWART,EREANT,GORDON,129398,129398,Sergeant,0
FENNELE,WILLIAM JAMES,FENNELL,WILLIAM JAMES,895175,895175,Private,0
FENSON,ERNEST,FENSOM,ERNEST,172173,172173,Private,0
FITZHENRY,JOHN,FITZ-HENRY,JOHN,5964,5964,Sapper,0
FOLEY,DANIEL,FOWLER,DANIEL,447067,447067,Private,0
GALLOWAY,JAMES ALEXANDER,GALLAWAY,JAMES ALEXANDER,788289,788289,Private,0
GARDELOUK,PARALE,GARDELOWK,PAVEL,889264,889264,Private,0
GIAUQUE,HURBERT,GIAQUE,HUBERT,1010032,1010032,Private,0
GILCHREST,GEORGE,GILCHRIST,GEORGE,624849,624849,Private,0
GOOCH,JOHN,GOOD,JOHN,437575,437575,Private,0
GUILDFORD,SAMUEL,GUILFORD,SAMUEL,401135,401135,Private,0
HACHE,GEORGE HENRY,HACHEY,GEORGE H,444745,444745,Private,0
HALLET,CAMILLE,HALLETT,CAMILLE,472490,472490,Lance Serjeant,0
HALLIDAY,FRED,HEATON,FRANK,293,293,Private,0
HORN,HARVEY LORNE,HORNE,HARVEY LORNE,787669,787669,Private,0
JOHANNSSON,FRIDFIMIUR KJAERNESTED,JOHANSSON,FRIEDFINNUR,229352,229352,Private,0
JOHNS,MOSES,JOHN,MOSES,219503,219503,Private,0
JOHNSON,FREDERICK,JOHNSTON,FREDERICK,124029,124029,Private,0
JORDAN,JAKE,JORDEN,JAKE,1042362,1042362,Private,0
KINNEE,THOMAS ALVIN,KINNIE,THOMAS ALVIN,622669,622669,Private,0
L'ECUYER,AMEDEE,LECUYER,AMEDEE,842142,842142,Private,0
L'HEUREUX,VICTORIEN,LHEUREUX,VICTORIEN,748691,748691,Private,0
LAFRENIERE,GORDON ALEX,LAFRANIER,GORDON ALEX,811795,811795,Private,0
LANDRETH,ANDREW CAMERON,LANDIETH,ANDREW CAMERON,442418,442418,Private,0
LANGILLE,LAWSON MILLER,LANGILL,LAWSON,183846,183846,Private,0
LE BLANC,DANIEL,LEBLANC,DANIEL,222747,222747,Pioneer,0
LE BOUTILLIER,LEO BELLEAU,LEBOUTILLIER,LEO B,65553,65553,Private,0
LE BRETON,FRANCIS,LEBRETON,FRANCIS,86067,86067,Corporal,0
LE CLAIR,LEMUEL,LECLAIR,LEMUEL,712115,712115,Private,0
LE CLAIRE,FRANK,LECLAIR,FRANK,216099,216099,Private,0
LE GALLAIS,STANLEY CHARLES,LEGALLAIS,STANLEY,889794,889794,Private,0
LIEB,HARRY,LEARY,HENRY,141018,141018,Sergeant,0
LOARING,HENRY LOUIS,LEARING,HENRY LOUIS,701275,701275,Private,0
LUPERT,WILLIAM,LUPRT,WILLIAM,186184,186184,Private,0
MACARTHUR,ARNOLD GORDON,MCARTHUR,ARTHUR GORDON,902284,902284,Private,0
MACCOLL,FREDERICK,MCCOLL,FREDERICK,129632,129632,Private,0
MACDONALD,ANGUS GEORGE,MCDONALD,ANGUS G,69691,69691,Private,0
MACDONALD,CHARLES,MCDONALD,CHARLES,669665,669665,Private,0
MACDONALD,DONALD,MCDONALD,DONALD,705,705,Corporal,0
MACDONALD,HUGH,MCDONALD,HUGH,464334,464334,Private,0
MACDONALD,HUGH,MCDONALD,HUGH,478782,478782,Private,0
MACDONALD,JOHN,MCDONALD,JOHN R,696679,696679,Private,0
MACDONALD,RODERICK JOSEPH,MCDONALD,RODERICK JOSEPH,32848,32848,Private,0
MACDOUGALL,ALEXANDER FRASER,MCDOUGALL,ALEXANDER FRASER,161295,161295,Private,0
MACGEE,GERMAN ANDREW,MCGEE,GERMAN ANDREW,186624,186624,Private,0
MACGILLIVRAY,PAUL ANGUS,MCGILLIVRAY,PAUL ANGUS,541626,541626,Sergeant,0
MACIVOR,JOHN,MCIVOR,JOHN,187658,187658,Corporal,0
MACKAY,ERIC,MCKAY,ERIC,799360,799360,Private,0
MACKAY,ERNEST,MCKAY,ERNEST,154453,154453,Private,0
MACKAY,JAMES MORRISON,MCKAY,JAMES M,696225,696225,Private,0
MACKINNON,CYRUS,MCKINNON,CYRUS,507417,507417,Sapper,0
MACKINNON,DANIEL NEWTON,MCKINNON,DANIEL NEWTON,712381,712381,Private,0
MACLEAN,DUNCAN,MCLEAN,DUNCAN,888043,888043,Private,0
MACLEOD,DANIEL HUGH,MCLEOD,DANIEL HUGH,715402,715402,Private,0
MACLEOD,MURDO,MCLEOD,MURDO,887339,887339,Private,0
MACLEOD,NEIL,MCLEOD,NEIL,47911,47911,Lance Corporal,0
MACLEOD,SPURGEON,MCLEOD,SPURGEON,445076,445076,Private,0
MACMILLAN,JOHN ALLAN,MCMILLAN,JOHN ALLAN,132602,132602,Private,0
MACPHAIL,JAMES,MCPHAIL,JAMES,447260,447260,Private,0
MACPHAIL,JOHN NOEL,MCPHAIL,JOHN NOEL,911770,911770,Private,0
MAJAHARJU,MATTIAS,MAJA,MATTI,748241,748241,Private,0
MARCOUX,EDWARD,MARCOU,EDWARD,793426,793426,Private,0
MARLIEB,MAX,MARTIN,MAX,521,521,Private,0
MCALPINE,THOMAS,MACALPINE,THOMAS,887091,887091,Private,0
MCCLURE,CHARLES WALTER,MCLURE,CHARLES WALTER,130120,130120,Private,0
MCCRAW,JAMES ALEXANDER LEITCH,MACK,JAMES ALEXANDER,139630,139630,Private,0
MCDONALD,RODDIE,MACDONALD,RODERIC,177912,177912,Private,0
MCDONELL,JOHN LAWRENCE,MCDONNELL,JOHN L,129550,129550,Private,0
MCFARLANE,JOHN,MACFARLANE,JOHN,657416,657416,Private,0
MCGILLIVRAY,DOUGALD,MACGILLIVRAY,DOUGALD,902251,902251,Private,0
MCGILLIVRAY,JAMES,MACGILLIVRAY,JAMES,687158,687158,Private,0
MCIVER,ANGUS,MACIVER,ANGUS,222268,222268,Private,0
MCKAY,JOHN,MACKAY,JOHN,408825,408825,Private,0
MCKENZIE,DONALD JAMES,MACKENZIE,DONALD JAMES,907512,907512,Private,0
MCLAREN,ROBERT GORDON,MACLAREN,ROBERT GORDON,180860,180860,Private,0
MCLEOD,HAROLD ARTEMAS,MACLEOD,HAROLD A,1261346,1261346,Gunner,0
MCPHERSON,JOHN JEREMIAH,MACPHERSON,JOHN JEREMIAH,877991,877991,Private,0
MCPHERSON,JOSEPH ALEXANDER,MACPHERSON,JOSEPH ALEX,901565,901565,Private,0
MCSPORRAN,ALEXANDER,MCSPARRAN,ALEXANDER,292082,292082,Private,0
MELROS,ANDREW PATERSON,MELROSE,ANDREW PATERSON,442593,442593,Private,0
MILLAR,DAVID,MILLER,DAVID,805543,805543,Private,0
MISLNISHKOTEWE,VINCENT,MISINISHKOTEWE,VINCENT,755136,755136,Private,0
MONDEVILLE,FRANK,MONDVILLE,FRANK,636826,636826,Private,0
MORIARTY,PATRICK,MORIARITY,PATRICK,409747,409747,Sapper,0
MOSSERI,CHARLES,MOSSERY,CHARLES,706048,706048,Private,0
MUSGROVE,MARSHALL,MOSGROVE,MARSHALL,797014,797014,Private,0
NEILL,JAMES,NEIL,JAMES,147458,147458,Private,0
NEWBROOKE,RALPH DRAKE,NEWBROOK,RALPH DRAKE,164317,164317,Private,0
O'BRIEN,BENJAMIN,OBRIEN,BENJAMIN,794209,794209,Private,0
O'BRIEN,HAROLD,OBRIEN,HAROLD ROSS,506502,506502,Sapper,0
O'BRIEN,MARTIN JOSEPH,OBRIEN,MARTIN JOSEPH,261700,261700,Private,0
O'CONNELL,DANIEL ERNEST,OCONNELL,DANIEL ERNEST,348998,348998,Gunner,0
O'CONNELL,JAMES THOMAS,OCONNELL,JAMES THOMAS,158656,158656,Private,0
O'CONNELL,JOHN,OCONNELL,JOHN,20515,20515,Private,0
O'DONNELL,JOHN JAMES,ODONNELL,JOHN JAMES,785126,785126,Private,0
O'DONOVAN,DANIEL,ODONOVAN,DANIEL,59755,59755,Private,0
O'DWYER,PATRICK MICHAEL,ODWYER,PATRICK MICHAEL,812192,812192,Private,0
O'FLAHERTY,LAURENCE,OFLAHERTY,LAWRENCE,72100,72100,Private,0
O'HANLEY,THOMAS,OHANLEY,THOMAS,140164,140164,Company Sergeant Major,0
O'MAY,ROBERT,OMAY,ROBERT,907191,907191,Private,0
O'NEIL,JERRY,ONEIL,JERRY,775150,775150,Private,0
O'NEILL,CLARENCE WILLIAM,ONEILL,CLARENCE WILLIAM,733753,733753,Private,0
O'NEILL,JAMES,ONEILL,JAMES P,167094,167094,Private,0
O'NEILL,JOHN GREGORY,ONEILL,JOHN GREGORY,710079,710079,Private,0
O'NEILL,LAWRENCE JUSTIN,ONEILL,LAWRENCE JUSTIN FRANCIS,279872,279872,Sergeant,0
O'NEILL,PATRICK LAWRENCE,ONEILL,PATRICK L,47640,47640,Private,0
O'NIELL,JOHN,ONEILL,JOHN,220428,220428,Private,0
O'REILLY,WILFRED,OREILLY,WILFRED,663196,663196,Private,0
O'SHEA,CORNELIUS,OSHEA,CORNELIUS,163894,163894,Private,0
O'SHEA,JEREMIAH PATRICK,OSHEA,JEREMIAH PATRICK,219634,219634,Private,0
OSBORN,FREDERICK JAMES,OSBORNE,FREDERICK JAMES,814266,814266,Private,0
PAGLIALUNGA,ALFREDO,PAGLIALUNGO,ALFRED,877531,877531,Private,0
PARDEW,JOHN,PARSLOE,JOHN STUYVESANT,916942,916942,Private,0
PARKIN,FREDERICK JAMES,PARKINS,FREDERICK JAMES,455686,455686,Private,0
PATTULLO,JAMES SCOTT,PATTULO,JAMES SCOTT,129493,129493,Sergeant,0
PENNY,GEORGE,PENNEY,GEORGE,811436,811436,Private,0
PITTICKI,EOSIP,PITTICHI,E,219373,219373,Private,0
RADCLYFFE,FRANK,RADCLIFFE,FRANK,148299,148299,Private,0
RICHARDS,FREDERICK GEORGE,RICHARD,FREDERICK GEORGE,841234,841234,Private,0
RIGHTMEYER,JOHN WILLIAM,RIGHTMYER,JOHN WILLIAM,1093082,1093082,Private,0
ROCKBRUNE,FRANCIS,ROCKBURNE,FRANCIS,145324,145324,Private,0
SALOIS,ALBERT,SALLOIS,ALBERT,847126,847126,Private,0
SALTE,FRANK,SALTER,FRANK,830217,830217,Private,0
SEWELL,XAVIER,SEVELL,XAVIER,793438,793438,Private,0
SHARPE,FRED,SHARP,FRED,148144,148144,Private,0
SMYTH,EDWARD SYDNEY,SMITH,EDWARD SYDNEY,467521,467521,Private,0
SORENSEN,NORVAL ALONZO,SORENZEN,NORVAL ALONZO,552461,552461,Private,0
SORENSON,CHRISTIAN,SORENSEN,CHRISTIAN JAMSEN,228285,228285,Gunner,0
SPARROW,VERNON EDWIN,SPARROWE,VERNON EDWIN,435129,435129,Private,0
SPRACKLIN,JOHN GARDNER,SPRACKLEN,JOHN GARDINER,715704,715704,Private,0
STEAD,JOHN NOEL,STEADMAN,JOHN NOEL,871056,871056,Private,0
STECKENREITER,LOUIS PETER,STECKENWREITER,LOUIS PETER,782182,782182,Private,0
STIJEPCICH,ARSEN,STIGEPCICH,ARSENE,121334,121334,Private,0
STOREGOFF,WALTER,STORSHOFF,WALTER,888048,888048,Private,0
THOMPSON,JAMES TURNBULL,THOMSON,JAMES TURNBULL,204087,204087,Private,0
THOMSON,SIDNEY,THOMPSON,SIDNEY,841904,841904,Private,0
VAN DER HEYDEN,PETRUS HENDRIKUS,VANDERHEYDEN,PETE,216669,216669,Private,0
VAN HORNE,ALISON,VANHORNE,ALISON,622479,622479,Private,0
VOHMAN,WILLIAM ROBERT,VOHMANN,WILLIAM R,163716,163716,Corporal,0
VON ENDE,LANCELOT CARL,VONENDE,LANCE CARL,730765,730765,Private,0
WADDEL,WILLIAM,WADDELL,WILLIAM,687879,687879,Private,0
ALBEARTA,SAMUEL JAMES,ALBERTA,SAMUEL JAMES,657010,657010,Private,0
ANDERSEN,RUDOLPH,ANDERSON,RUDOLPH,703230,703230,Private,0
BELECKY,DANIEL,BALECKY,DAN,898390,898390,Private,0
BERTHELETTE,RAYMOND,BERTHELETT,RAYMOND,292055,292055,Private,0
BOULET,JOSEPH RAOUL,BOULE,JOSEPH,449113,449113,Private,0
BROWN,MURDOCK MCDONALD,BROWNE,MURDOCK MCDONALD,696318,696318,Corporal,0
CALLAHAN,MATHEW JOSEPH,CALLAGHAN,MATTHEW J,25930,25930,Private,0
CARRUTHERS,HARRY,CARROTHERS,HARRY,887490,887490,Private,0
CHAMBERLIN,HAROLD ROSS,CHAMBERLAIN,HAROLD R,908132,908132,Private,0
CHARCHENKO,ALEXANDER,CHARCHEUKO,ALEXANDER,721848,721848,Private,0
CLARKE,ROBERT,CLARK,ROBERT,541714,541714,Sapper,0
CORSON,CECIL,CORSAN,CECIL,442042,442042,Private,0
D'ARTOIS,RENE,DARTOIS,RENE,62209,62209,Private,0
DE GARMENDIA,VINCENT,DEGARMENDIA,VINCENT,842187,842187,Private,0
DE GRACE,WILLIAM,DEGRACE,WILLIAM,793778,793778,Private,0
DE LINE,WALTER HOWARD ABSALOM,DELINE,WALTER HOWARD ABSOLAM,225553,225553,Private,0
DE LONG,WILLIAM GEORGE,DELONG,WILLIAM GEORGE,696744,696744,Private,0
DE MERCHANT,GLAZIER,DEMERCHANT,GLAZER,817611,817611,Private,0
DELAFIELD,CHARLES EDWARD,DARLING,CHARLES EDWARD,832042,832042,Private,0
DESJARDINS,NAPOLEON,DESJARDIN,NAPOLEON,1042712,1042712,Sapper,0
DIXSON,LEONARD CHARLES,DIXON,LEONARD CHARLES,255570,255570,Private,0
DONELLY,JAMES,DONNELLY,JAMES,207607,207607,Lance Corporal,0
DONNELLEY,CHRISTOPHER,DONNELLY,CHRISTOPHER,78030,78030,Private,0
DUMONTIER,FRED,DUMNTER,FRED,637121,637121,Private,0
DUNNLNG,GORDON GREGORY,DUNNING,GORDON GREGORY,101411,101411,Corporal,0
DUPERRE,ADRIEN,DUPERIE,ADRIEN,416028,416028,Private,0
FINNEMORE,NORMAN,FINEMORE,NORMAN,817960,817960,Private,0
FINNESSEY,THOMAS JAMES,FINNESSY,THOMAS J,144010,144010,Private,0
FLEMMING,EDWARD,FLEMING,EDWARD,877633,877633,Corporal,0
FORSDAHL,JOHN ANTON,FOSTER,JAMES,823909,823909,Private,0
FORSYTH,TOM,FORSYTHE,THOMAS,73736,73736,Private,0
GARRYU,JOSEPH,GARRYUK,JOSEPH,904392,904392,Private,0
GAVRIK,TIMOTEI,GAVRICK,TIMOFEI,417959,417959,Private,0
GLADSON,THOMAS GREGSON,GREGSON,THOMAS,2260385,2260385,Private,0
GOUDREAU,JOSEPH,GAUDREAU,JOSEPH,672595,672595,Private,0
GRAVESTON,THOMAS,GRAVESTONE,THOMAS,763436,763436,Private,0
JENDEN,GEORGE WALTER,JENDON,GEORGE,59507,59507,Lance Corporal,0
JENKIN,HAROLD,JENKINS,HAROLD,442410,442410,Private,0
JULIEN,OCTAVE,JULIAN,OCTAVE,19088,19088,Private,0
KARILUCK,KLIMENTY,KIRILUCK,KLIM,913160,913160,Private,0
KERSWILL,REGINALD,KERSWELL,REGINALD SIDNEY,51281,51281,Private,0
KILRAE,ROBERT,KILREA,ROBERT,145070,145070,Private,0
KINGHAN,FREDERICK,KINGHAM,FREDERICK THOMAS,189949,189949,Corporal,0
KOLOMIS,ARTHUR,KOLOMIES,ARTHUR,886190,886190,Private,0
LAMBERG,AXEL RAGNAR,LAMBERT,ALBERT R,706869,706869,Private,0
LE BARRE,RUSSELL CHARLES,LEBARRE,RUSSELL CHARLES,784099,784099,Private,0
LE BLANC,FRANK MORRIS,LEBLANC,FRANK M,832072,832072,Lance Corporal,0
LE BLANC,HENRY,LEBLANC,HENRY S,666169,666169,Corporal,0
LE GALLEE,JAMES JOSEPH,LEGALLEE,JAMES JOSEPH,91717,91717,Gunner,0
LIVINGSTON,GORDON,LIVINGSTONE,GORDON,712117,712117,Private,0
LIVINGSTONE,LAUCHIE,LIVINGSTON,LAUCHIE,222759,222759,Lance Serjeant,0
LOWRY,LESTER,LOWRIE,LESTER,712985,712985,Private,0
M'GORETTA,CARLO,MCGORETTA,CARLO,636125,636125,Private,0
MACDIARMID,CHARLES BRUCE PITBLADO,MCDIARMID,CHARLES,725544,725544,Private,0
MACDONALD,CHARLES SOMERLED,MCDONALD,CHARLES SOMMER,8004,8004,Private,0
MACDONALD,COLIN CAMPBELL,MCDONALD,COLIN CAMPBELL,177141,177141,Private,0
MACDONALD,LAUCHLIN,MCDONALD,LAUGHLIN,878407,878407,Private,0
MACDONALD,STEPHEN,MCDONALD,STEPHEN,832454,832454,Private,0
MACDONALD,THEODORE,MCDONALD,THEODORE ST CLAIR,654066,654066,Private,0
MACFARLANE,NORMAN,MCFARLANE,NORMAN,438413,438413,Private,0
MACKAY,STANLEY,MCKAY,STANLEY,222342,222342,Private,0
MACKENZIE,CHARLES RUTHERFORD,MCKENZIE,CHARLES RUTHERFORD,46168,46168,Private,0
MACKINTOSH,WILLIAM HEYWOOD,MACINTOSH,WILLIAM HEYWOOD,222992,222992,Private,0
MACLACHLAN,NICHOLAS,MCLACHLAN,NICHOL,802033,802033,Private,0
MACLEAN,ALEXANDER,MCLEAN,ALEXANDER,23421,23421,Private,0
MACLEAN,JOHN,MCLEAN,JOHN,925623,925623,Private,0
MACLEAN,MORRIS ANGUS,MCLEAN,MORRIS A,292083,292083,Private,0
MACLENNAN,ARTHUR COLIN,MCLENNAN,ARTHUR COLIN,715757,715757,Lance Corporal,0
MACLENNAN,COLIN ARCHIBALD,MCLENNAN,COLIN A,722238,722238,Private,0
MACLEOD,DUNCAN,MCLEOD,DUNCAN,77631,77631,Corporal,0
MACRAE,PETER,MCRAE,PETER,442532,442532,Private,0
MACSWEENEY,MARTIN BERNARD,MACSWEENY,MARTIN BERNARD,347509,347509,Gunner,0
MALLETTE,ARTHUR,MALLETT,ARTHUR,788826,788826,Private,0
MANLEY,GEORGE ERNEST,MANLY,GEORGE ERNEST,195171,195171,Private,0
MAZURIK,ANDREY,MAZURICK,A,823862,823862,Private,0
MCCALLEY,CHARLES ANTHONY,MCCALLERY,CHARLES ANTHONY,675089,675089,Private,0
MCCLUSKEY,JOHN,MCCLUSKY,JOHN,874022,874022,Private,0
MCDONALD,CAMPBELL JAMES,MACDONALD,CAMPBELL JAMES,219840,219840,Lance Corporal,0
MCDONALD,RANNIE RORY,MACDONALD,RANNIE RORY,877912,877912,Private,0
MCGILLIVRAY,ALEXANDER,MACGILLIVRAY,ALEXANDER,28557,28557,Lance Corporal,0
MCKINLEY,JOHN HERBERT,MCKINLAY,JOHN,67582,67582,Corporal,0
MCLELLAND,ANGUS JOHN,MCLELLAN,ANGUS J,178259,178259,Corporal,0
MEECHAN,JAMES JOSEPH,MEECHAM,JAMES,222402,222402,Private,0
MOFFAT,MOXLEY EVERD,MOFFATT,MORLEY E,797122,797122,Private,0
MOSHER,METZ MATTHEW,MOSIER,MATTHEW,261282,261282,Private,0
MUCKLESTON,WILLIAM HENRY,MUCKELSTON,W H,799391,799391,Private,0
MUZERAL,MICHAEL,MUZEROL,MICHEAL,63652,63652,Private,0
NAIKELIS,ANTHONY,NAKLIS,ANTON,842212,842212,Private,0
O'BRIEN,HARRY FREDERICK,OBRIEN,HARRY FREDERICK,488663,488663,Private,0
O'BRIEN,JOHN,OBRIEN,JOHN,210685,210685,Private,0
O'BRIEN,LAWRENCE JAMES,OBRIEN,LAURANCE JAMES,907242,907242,Private,0
O'BRIEN,WILLIAM,OBRIEN,WILLIAM,34507,34507,Private,0
O'BYRN,DANIEL PATRICK,OBYRN,DANIEL PATRICK,145618,145618,Private,0
O'CONNELL,MICHAEL,OCONNELL,MICHAEL,919862,919862,Private,0
O'CONNOR,CHARLES EDMUND,OCONNOR,CHARLES EDMUND,919686,919686,Private,0
O'CONNOR,JOHN,OCONNOR,JOHN,721552,721552,Private,0
O'DONNELL,THOMAS HUGO,ODONNELL,THOMAS HUGO,234964,234964,Private,0
O'HANLEY,DANIEL ALEXANDER,OHANLEY,DANIEL,67705,67705,Private,0
O'HARA,JOSEPH JOHN,OHARA,JOSEPH JOHN,863157,863157,Private,0
O'KEEFE,JOSEPH,OKEEFE,JOSEPH,101742,101742,Lance Corporal,0
O'KEEFE,WILLIAM JOHN,OKEEFE,WILLIAM JOHN,814631,814631,Private,0
O'LEARY,JOHN MICHAEL,OLEARY,JOHN MITCHELL,709207,709207,Private,0
O'LEARY,PATRICK,OLEARY,PAT,737020,737020,Lance Serjeant,0
O'MALLEY,THOMAS,OMALLEY,THOMAS,164464,164464,Private,0
O'MEARA,FRANK,OMEARA,FRANK,145704,145704,Private,0
O'NEILL,CHRISTOPHER JOHN,ONEILL,CHRISTOPHER JOHN,1078436,1078436,Sapper,0
O'NEILL,FRANCIS BALDWIN,ONEILL,FRANCIS BALDWIN,282054,282054,Private,0
O'NEILL,PATRICK JAMES,ONEILL,PATRICK JAMES,437907,437907,Private,0
O'NEILL,VICTOR,ONEILL,VICTOR,180513,180513,Private,0
O'NEILL,WILLIAM JAMES,ONEILL,WILLIAM JAMES,189463,189463,Corporal,0
O'REILLY,JAMES,OREILLY,JAMES F,1048180,1048180,Private,0
O'REILLY,JOSEPH PATRICK,OREILLY,JOSEPH PATRICK,159739,159739,Private,0
O'REILLY,NEIL,ORILEY,NEIL,469426,469426,Private,0
O'ROURKE,JOHN,OROURKE,JOHN,414494,414494,Private,0
O'TOOLE,JAMES MICHAEL,OTOOLE,JAMES MICHAEL,488813,488813,Private,0
OLLIVIER,DANIEL BERTRAM,OLLIVER,DANIEL BERTRAM,187129,187129,Corporal,0
OMILUSIK,DIMITRIK,OMELESUK,DIMITRI,898195,898195,Private,0
ONISHI,OTOKICHI,OTOKICHI,ONISHI,898539,898539,Private,0
OPOLLI,FREDERICK,OPPOLI,FRED,43919,43919,Driver,0
OSABLIUK,ANTON,OSABLINK,ANTON,919835,919835,Private,0
PELKEY,LORNE,PELKY,LORNIE,809172,809172,Private,0
PELKY,JOHN,PELKEY,JOHN,115368,115368,Private,0
PHILLIPS,JAMES WILLIAM,PHILIPS,JAMES WILLIAM,645431,645431,Private,0
PRIDDELL,HARRY STEPHEN,PRIDDLE,HARRY STEPHEN,135552,135552,Private,0
REYNOLDS,LESLIE ARTHUR,REINOLDS,LESLIE,454903,454903,Private,0
RIMELL,FRANCIS,RIMEL,FRANCIS,126003,126003,Private,0
SANDYS,ROBERT HENRY,SANDY,ROBERT HENRY,195981,195981,Private,0
SANSCOUSIE,JOSEPH,SANSOUCIE,JOSEPH,120587,120587,Private,0
SEDLER,WILLIAM,SEDLAR,WILLIAM,886280,886280,Private,0
SHAFFER,CHARLES,SCHAFFER,CHARLES,829565,829565,Private,0
SIEMAZZKO,KIERYLE,SIEMASZKO,KIERYLO,190380,190380,Private,0
SMYTH,ALEXANDER,SMITH,ALEXANDER,139677,139677,Company Sergeant Major,0
SOLKIEWIEZ,FRANK,SOLKIEWICZ,FRANK,877611,877611,Private,0
STEEL,ROBERT,STEELE,ROBERT,782210,782210,Private,0
SVENDSEN,CONRAD,SVENDSON,CONRAD,16696,16696,Sergeant,0
SZYIKO,GEORGE,SYIKO,GEORGE,721805,721805,Private,0
TEAP,GEORGE FREDERICK,TEAPE,GEORGE FREDERICK,79885,79885,Corporal,0
THOMPSON,JAMES GEORGE,THOMSON,JAMES GEORGE,180144,180144,Lance Corporal,0
THROSSELL,LEONARD,THROSELL,LEONARD,721342,721342,Private,0
TOD,GEORGE LOREN,TODD,GEORGE LOREN,184255,184255,Private,0
TREMBLE,JOHN JOSEPH,TRIMBLE,JOHN JOSEPH,715158,715158,Private,0
VAN IDERSTINE,WALDRON BREWER,VANIDERSTINE,WELDREN BREWER,92936,92936,Gunner,0
VAN LOO,EMILE,VANLOO,EMILE,883484,883484,Private,0
WILLSON,JAMES WELLINGTON,WILSON,JAMES WELLINGTON,722174,722174,Private,0
WOJCIESZUK,FEDOR IVANOFF,WAITESHUK,FEDAR I,152728,152728,Private,0
WOLHAUPTER,HAROLD PHILLIPS,WOLHAMPTER,HAROLD PHILLIP,11029,11029,Sergeant,0
ADAMCHUCK,JACK,ADAMCHUK,JACK,491543,491543,Private,0
ADRAIN,JAMES MURRAY,ADRIAN,JAMES MURRAY,1015030,1015030,Private,0
AGUSTOVSKI,JOE,AGUSTORSKI,JOE,249742,249742,Private,0
ALLEN,ROBERT,ALLAN,ROBERT,267104,267104,Private,0
ANSCOMBE,CHARLES ERNEST,ANSCOMB,CHARLES ERNEST,736836,736836,Private,0
ASHDOWNE,THOMAS WYKES,ASHDOWN,THOMAS WYKES,427646,427646,Private,0
AYRES,ALBERT GEORGE,AYERS,ALFRED GEORGE,745315,745315,Private,0
BARCACARP,VLADIMIR,BARCA-CARP,VLADIMIR,1054842,1054842,Private,0
BASSINGTHWAIGHTE,HAROLD WARD,BASSINGTHWAITE,HAROLD,142185,142185,Corporal,0
BEARDEN,JOHN ALFRED,BEARDON,JOHN ALFRED,868260,868260,Private,0
BENNET,ANDREW WHITTON,BENNETT,ANDREW WHITTON,159022,159022,Private,0
BERGSTEDT,ANDREW,BERGMAN,ANDREW,2015199,2015199,Private,0
BLACKALL,HERBERT GEORGE,BACKALL,HERBERT GEORGE,47813,47813,Private,0
BOURN,CHARLES,BOURNE,CHARLES P,445435,445435,Private,0
BOY,MATTHEW,BOYD,MATTHEU,140021,140021,Private,0
BRAISBY,WILLIAM,BRAISLEY,WILLIAM H,53204,53204,Sergeant,0
BRIMMELL,ALBERT METHERELL,BRIMMEL,ALBERT METHERELL,540316,540316,Private,0
CAVALIERO,ALFRED,CAVALIER,ALFRED,467455,467455,Private,0
CAVENEY,MICHAEL,CAVENAY,MICHAEL,181027,181027,Lance Corporal,0
CHAPPLE,GEORGE HENRY,CHAPPELL,GEORGE HENRY,189410,189410,Private,0
COZNIK,NICOLAI,COZNICK,NICK,491584,491584,Private,0
D'ARCY,FRANCIS,DARCY,FRANCIS,114558,114558,Private,0
DE COLE,CHARLES FRANCOIS,DECOLE,CHARLES F,237269,237269,Private,0
DE JERSEY,JOHN HENRY,DEJERSEY,JOHN HENRY,141185,141185,Private,0
DE MERCHANT,HOWARD,DEMERCHANT,HOWARD,817609,817609,Private,0
DEMERS,JOSEPH FIDELE,DAMERS,JOSEPH FIDELE,410918,410918,Corporal,0
DENIS,GORDON,DENNIS,GORDON,246546,246546,Private,0
DONOHUE,ANTHONY,DONAHUE,ANTHONY,515306,515306,Private,0
FELEPCHUK,FRED,FELEPSHUK,FRED,479037,479037,Private,0
FURLOTTE,JOSEPH JAMES,FIRLOTTE,JOSEPH JAMES,709375,709375,Private,0
GALLAGHER,ROBERT JAMES,GALLAUGHER,ROBERT JAMES,69364,69364,Private,0
GEOFREY,LOUIS FELIX,GEOFROY,LOUIS FELIX,152848,152848,Sergeant,0
GLENWRIGHT,WILSON,GLENNRIGHT,WILSON,808199,808199,Private,0
GOTHORPE,PHILIP ODLING,GOTHORP,PHILIP ODLING,730358,730358,Private,0
GUTHRO,CHARLES,GOUTHRO,CHARLES,301112,301112,Driver,0
HANNA,CHARLES,HANNAH,CHARLES,745394,745394,Private,0
HEFFLER,ROBERT,HEFLER,ROBERT NORMAN,414369,414369,Sergeant,0
HUSSY,HARRY,HUSSEY,HARRY,678342,678342,Private,0
IMLAY,OLIVER GILBERT,IMLEY,OLIVER GILBERT,802765,802765,Private,0
KAINES,THOMAS,KAINS,THOMAS,424980,424980,Private,0
KALFAS,ANDREW,KALFUS,ANDREW,458314,458314,Private,0
KENSSACK,JOHN,KENSSAC,JOHN,255860,255860,Private,0
KEOORKEIAN,BOB,KEORKEIAN,BOB,425000,425000,Private,0
KRWCHINKO,THOMAS,KRUVCHINKO,TOM,904744,904744,Private,0
KULCHECKI,WASILI,KULCHICKI,WASILI,505663,505663,Private,0
LANGENBACH,GEORGE EDWARD,LEACH,GEORGE EDWARD,115169,115169,Private,0
LE BARR,HAROLD,LEBARR,HAROLD,195135,195135,Private,0
LETVWNOWICK,MIKE,LETVWNOVICK,MIKE,925921,925921,Private,0
MACDONALD,ALEXANDER,MCDONALD,ALEX L,248499,248499,Gunner,0
MACDONALD,DONALD MURRAY,MCDONALD,DAN MURRAY,68277,68277,Private,0
MACDONALD,EDGAR ERNEST,MCDONALD,EDGAR ERNEST,201219,201219,Private,0
MACDONALD,JAMES AENEAS,MaCDONALD,JAMES AENEAS,435428,435428,Lance Corporal,0
MACDONALD,JOHN,MCDONALD,JOHN,736159,736159,Private,0
MACDONALD,JOHN ALEXANDER,MCDONALD,JOHN ALEXANDER,478566,478566,Private,0
MACDONALD,RONALD,MCDONALD,RONALD JAMES,59708,59708,Private,0
MACDONELL,RODERICK,MCDONELL,RODERICK,649450,649450,Private,0
MACHTELINSKY,ALPHONSE,MACHTELINSKX,ALPHONSE,288902,288902,Private,0
MACINNES,HUGH,MCINNES,HUGH,288413,288413,Private,0
MACKAY,ALEXANDER JOHN,MCKAY,ALEXANDER JOHN,253147,253147,Private,0
MACKAY,ANGUS,MCKAY,ANGUS,141095,141095,Lance Corporal,0
MACKAY,JOHN,MCKAY,JOHN,177083,177083,Sergeant,0
MACKAY,NEIL,MCKAY,NEIL,430007,430007,Lance Corporal,0
MACKENZIE,ALEXANDER MCKAY,MCKENZIE,ALEXANDER MCKAY,522629,522629,Sapper,0
MACKENZIE,ALEXANDER STRAGHAN,MCKENZIE,ALEXANDER STRAUGHAN,75204,75204,Private,0
MACKENZIE,HECTOR JOSEPH,MCKENZIE,HUGH F,415071,415071,Corporal,0
MACKINNON,NEIL JOHN,MCKINNON,NEIL J,294462,294462,Private,0
MACLEAN,NEIL HOUSTON,MCLEAN,NEIL,737212,737212,Private,0
MACLENNAN,WILLIAM,MCLENNAN,WILLIAM,130122,130122,Private,0
MACLEOD,DANIEL KENNETH,MCLEOD,DANIEL KENNETH,255208,255208,Private,0
MACLEOD,DONALD JOHN,MCLEOD,DONALD JOHN,255994,255994,Private,0
MACLEOD,GEORGE ANGUS,MCLEOD,GEORGE ANGUS,222429,222429,Sergeant,0
MACLEOD,JOHN,MCLEOD,JOHN,65707,65707,Private,0
MACLEOD,JOHN,MCLEOD,JOHN,877728,877728,Private,0
MACLEOD,KENNETH KEITH,MCLEOD,KENNETH KEITH,418153,418153,Lance Corporal,0
MACMILLAN,SHELDON ALEXANDER,MCMILLAN,SHELDON ALEXANDER,633080,633080,Private,0
MACNAB,JOHN STUART,MACNABB,JOHN STUART,642609,642609,Private,0
MACPHERSON,ALBERT NORMAN,MCPHERSON,ALBERT N,252621,252621,Private,0
MACPHERSON,FREDERICK,MCPHERSON,FREDERICK,802661,802661,Private,0
MASTERTON,JAMES,MASTERSON,JAMES,439013,439013,Corporal,0
MAUNDER,JAMES,MAUNDERS,JAMES,104692,104692,Private,0
MCAULEY,JAMES,MACAULEY,JAMES WILSON,503035,503035,Sapper,0
MCCLINCHEY,WESLEY,MCCLINCHY,WESLEY,654713,654713,Private,0
MCDONALD,CHARLES,MACDONALD,CHARLES,895454,895454,Private,0
MCDONALD,PHILIP MCINTOSH,MACDONALD,PHILIP MACINTOSH,432218,432218,Company Sergeant Major,0
MCDONALD,RAYMOND STUART,MACDONALD,RAYMOND STUART,2025159,2025159,Private,0
MCGILLICUDDY,MICHAEL,MCGILLYCUDDY,MICHAEL,430833,430833,Lance Corporal,0
MCKAY,INNIS,MACKAY,INNIS,408828,408828,Sergeant,0
MCKENZIE,ALEXANDER JAMES,MACKENZIE,ALEX JAMES,808612,808612,Private,0
MCLEAN,WILLIAM EGBERT,MACLEAN,WILLIAM EGBERT,1258114,1258114,Gunner,0
MCNEIL,PARRY GILBERT,MCNEILL,PARRY GILBERT,283150,283150,Private,0
MCQUADE,JAMES CAMPBELL,MCQUAIDE,JAMES CAMPBELL,111386,111386,Private,0
NAPTHEN,HERBERT,NAPTHAN,HERBERT,675161,675161,Private,0
O'BRIEN,ALFRED PATRICK,OBRIEN,ALFRED PATRICK,1261973,1261973,Gunner,0
O'BRIEN,GEORGE,OBRIEN,GEORGES,672845,672845,Private,0
O'BRIEN,HENRY RODGER TRUEMAN,OBRIEN,HENRY RODGER TRUEMAN,865317,865317,Private,0
O'CONNELL,JAMES,OCONNELL,JAMES,727593,727593,Private,0
O'CONNOR,JOSEPH,OCONNOR,JOSEPH,760453,760453,Private,0
O'HARA,JOSEPH MICHAEL,OHARA,JOSEPH MICHAEL,727840,727840,Private,0
O'KANE,DANIEL,OKANE,DANIEL,201079,201079,Private,0
O'LEARY,WILLIAM JOSEPH,OLEARY,WILLIAM JOSEPH,681139,681139,Private,0
O'MALLEY,CHARLES,OMALLEY,CHARLES,919857,919857,Private,0
O'MALLEY,JOHN PATRICK,OMALLEY,JOHN PATRICK,2203600,2203600,Sapper,0
O'NEILL,WILLIAM JOHN,ONEILL,WILLIAM JOHN,349307,349307,Gunner,0
O'SHEA,WILLIAM HENRY,OSHEA,WILLIAM HENRY,832790,832790,Private,0
O'SULLIVAN,GEORGE,OSULLIVAN,GEORGE,769288,769288,Private,0
PANKOFF,VASILE,PANKOV,V,1096217,1096217,Private,0
PERRIN,LAURENCE,PERREN,LAWRENCE,536039,536039,Private,0
PROVAN,MATTHEW,PROVEN,MATTHEW,177414,177414,Private,0
RABER,WILLIAM,REBER,WILLIAM,636284,636284,Private,0
RANSOM,HARRY GILBERT,RANSON,HARRY GILBERT,908041,908041,Private,0
REED,ROYDEN ALBERT,REID,ROY ALBERT,189707,189707,Private,0
REEDE,FREEMAN,REED,FREEMAN KEITH,222924,222924,Private,0
SASKOWICH,JOHN,SASKOWICK,JOHN,439403,439403,Lance Corporal,0
SCHIERHOLTZ,WALTER CONRAD,SCHIERHOLZ,WALTER CONRAD,751613,751613,Private,0
SCHISCHLOPF,WASILY,SCHISCHLOFF,WASILY,1045639,1045639,Private,0
SCOLNUCK,HARRY,SCOLNICK,HARRY,491622,491622,Private,0
SINIZKI,DIMITRO,SINISKI,DIMITRO,830020,830020,Private,0
SPAVEN,RICHARD,SPAVIN,RICHARD,317980,317980,Gunner,0
STAVELY,ROBERT LEE,STAVELEY,ROBERT LEE,760105,760105,Private,0
SULLIVAN,FRANK EDWARD,SPINKS,FREDERICK,675906,675906,Lance Bombardier,0
TERRAULT,CHARLES,TERREAULT,CHARLES,2245345,2245345,Sapper,0
THOMSON,JAMES WHITE,THOMPSON,JAMES WHITE,433121,433121,Lance Corporal,0
THOMSON,JOHN BRYDEN,THOMPSON,JOHN BRYDEN,552775,552775,Sergeant,0
TOSHKOFF,JOHN EVAN,TOSHTKOFF,JOHN,1015637,1015637,Private,0
UFFELMANN,SHELDON,UFFELMAN,SHELDON,751361,751361,Private,0
VAN EVERY,MAURICE,VANEVERY,MAURICE,757451,757451,Private,0
VAN NESTE,RICHARD,VANNESTE,RICHARD,216040,216040,Private,0
VAN SICKLEN,LEWIS,VANSICKLEN,LEWIS,815009,815009,Private,0
VAN VAERENBERGH,THEOPHILDUS,VANVAERENBERGH,THEOPIL,687353,687353,Private,0
VEZINA,LORENZO,VIZINA,LORENZO,410423,410423,Private,0
WALRY,CHARLES,WALRIE,CHARLES,490,490,Corporal,0
WAMSLAY,RICHARD,WAMSLEY,RICHARD,820183,820183,Private,0
WESTERLUND,BRUNO KONSTANTIN,WESTERLAND,BRUNO KONSTINTIN,889421,889421,Private,0
WIGGLESWORT,ARTHUR,WIGGLESWORTH,ARTHUR,687466,687466,Corporal,0
ACHORN,LESTER BRUHUT,ACORN,LESTER BRUHUT,818191,818191,Private,0
AKERLEY,HAROLD GLADSTONE,AKERLY,HAROLD GLADSTONE,817001,817001,Sergeant,0
AUBRY,ALBERT,AUBAY,ALBERT,61076,61076,Sergeant,0
BALDAU,FRANK,BALDUE,FRANK,258963,258963,Private,0
BERTRAM,SPENCER,BERTIUM,SPENCER,2522518,2522518,Trumpeter,0
BIANCHE,CHARLES,BIANCHI,CHARLES,258395,258395,Private,0
BLAEKER,JOSHUA THOMAS,BLAKER,JOSHUA,195029,195029,Private,0
BLAKELEY,WILLIAM EDWARD,BLAKLEY,WILLIAM EDWARD,696502,696502,Private,0
BLICK,ROBERT,BLAKE,ROBERT,2030205,2030205,Private,0
BOCKING,THOMAS HENRY,BACKING,THOMAS,724671,724671,Private,0
BOSSE,JOSEPH ALBERT,BOSEE,JOSEPH ALBERT,2320305,2320305,Private,0
BOUDREAULT,AZADE,BOUDRAULT,AZADE,672396,672396,Private,0
BRAMWELL,WILLIAM FRANCIS,BRANWELL,WILLIAM FRANCIS,3205911,3205911,Private,0
BUDREO,RUSSELL CLEVELAND,BUDRES,RUSSELL CLEVELAND,246318,246318,Private,0
CASTONQUAY,OSWALD,CASTONGUAY,OSWALD,417112,417112,Private,0
CINQ-MARS,JOSEPH,CINQ MARS,JOSEPH,1021099,1021099,Private,0
CLACK,JOHN ARTHUR,CLARK,JOHN ARTHUR,529263,529263,Private,0
CROSTHWAIT,WILLIAM HENRY,CROSTHWAITE,WILLIAM HENRY,249251,249251,Private,0
D'AETH,WALTER LIONEL,DAETH,WALTER LIONEL,502808,502808,Sapper,0
DAGESSE,ARTHUR CHARLES,DEGASSE,ARTHUR C,34453,34453,Private,0
DALGLIESH,CHARLES RIEVE,DALGLEISH,CHARLES RIEVE,114809,114809,Private,0
DE BELLEFEUILLE,ARTHUR,DEBELLEFEUILLE,ARTHUR,661061,661061,Corporal,0
DE CHATEAUVERT,HORMISDAS,DECHATEAUVERT,HORMIDAS,43711,43711,Gunner,0
DE GREY,HENRI,DEGRAY,HENRI,3231601,3231601,Private,0
DE GROOD,WILLIAM,DEGROOD,WILLIAM,847,847,Trooper,0
DE JONEKER,EDMOND,DEJONEKER,EDMOND,4070804,4070804,Private,0
DE MILLE,WINSTON CHURCHILL,DEMILLE,WINSTON CHURCHILLE,832616,832616,Private,0
DE PELICHY,JULIUS,DEPELICHY,JULIUS,63292,63292,Sergeant,0
DE WIND,EDMUND,DEWIND,EDMUND,79152,79152,Second Lieutenant,0
DE YONE,CHARLES,DEYONE,CHARLES FREDERICK,4060443,4060443,Private,0
DELVAUX,ARSELLE JOSEPH,DELVEAUX,ARSENE,847523,847523,Private,0
DUMARESQ,AMEDIE,DUMARESK,AMEDEE,4035191,4035191,Private,0
DUQUE,RAYMOND,DUKE,RAYMOND,660530,660530,Private,0
ELLIOT,DAVID,ELLIOTT,DAVID,690050,690050,Private,0
FABER,EDWIN FREDRICK,FABRE,EDWIN FRED,529100,529100,Private,0
FERGUSON,FRANK,FERGUSSON,FRANK,67587,67587,Private,0
GODFREID,WARREN LESTER,GODGREID,WARREN LESTER,3188193,3188193,Private,0
GOULETTE,RAYMOND,GOULET,RAYMOND,416411,416411,Sergeant,0
GUNYON,THEODORE,GUNYOU,THEODORE,636380,636380,Private,0
HABGOOD,JOHN WESLEY,HOBGOOD,JOHN WESLEY,642687,642687,Private,0
HARDINC,LEONARD,HARDING,LEONARD,109135,109135,Sergeant,0
HERBERT,ANTONIO,HEBERT,ANTONIO,2228381,2228381,Private,0
HIGGINSON,GEORGE HAVELOCK,HOLMES,GEORGE HENRY,154655,154655,Cadet,0
HUTCHINGS,FREDERICK CHARLES,HUTCHINS,FREDERICK CHARLES,663431,663431,Private,0
IVESON,AMOS,IVERSON,AMOS,844603,844603,Private,0
JESSOE,DAMES,JESSO,DAMES,414767,414767,Private,0
JOHNSON,WILLIAM JAMES,JOHNSTON,WILLIAM JAMES,2309353,2309353,Private,0
L'HIRONDELLE,WILLIAM,LHIRONDELLE,WILLIAM,808771,808771,Sergeant,0
LA FOREST,GEORGE,LAFOREST,GEORGE,479075,479075,Private,0
LA FOREST,PHILIAS,LAFOREST,PHILIAS,2001511,2001511,Private,0
LA FOREST,WILFRID,LAFOREST,WILFRED,660957,660957,Private,0
LE BLANC,VICTOR,LEBLANC,VICTOR,506353,506353,Sapper,0
LE DREW,FREDERICK,LEDREW,FRED,228046,228046,Sapper,0
LE GALLAIS,HAROLD GEORGE,LEGALLAIS,HAROLD GEORGE,418711,418711,Private,0
LE MAITRE,WALTER EDGAR,LEMAITRE,WALTER EDGAR,800116,800116,Private,0
LE MASURIER,RAY CHARLES,LEMASURIER,RAY,1084435,1084435,Private,0
LE ROUX,CHARLES GARFIELD,LEROUX,CHARLES GARFIELD,1257614,1257614,Gunner,0
LECIEWICZ,ANTONIN,LECIEWIEZ,ANTONIN,2288418,2288418,Private,0
LECLAIRE,JOSEPH,LECLAIR,JOSEPH,660539,660539,Private,0
LEGARE,JOSEPH AMEDAS,LEGARY,JOSEPH AMEDAS,724158,724158,Private,0
LISTER,GUY CARLTON,LESTER,GUY CARLETON,336236,336236,Gunner,0
LONGLADE,FRANCOIS XAZIER,LONGLAD,FRANCIS XAVIER,644692,644692,Sapper,0
MACDONALD,ANGUS URQUHART,MCDONALD,ANGUS U,267017,267017,Private,0
MACDONALD,ARCHIBALD MACCUISH,MCDONALD,ARCHIBALD,1060295,1060295,Private,0
MACDONALD,JAMES,MCDONALD,JAMES,524951,524951,Private,0
MACDONALD,JOHN ANGUS,MCDONALD,JOHN ANGUS,878327,878327,Sergeant,0
MACDONALD,JOHN PETER,MCDONALD,JOHN PETER,715937,715937,Private,0
MACDONALD,MURDOCK,MCDONALD,MURDOCK,877125,877125,Private,0
MACDONALD,PHILIP JOSEPH,MCDONALD,PHILIP JOSEPH,633396,633396,Private,0
MACEACHERN,ANDREW JOSEPH,MCEACHERN,ANDREW JOSEPH,712580,712580,Private,0
MACFARLANE,WILLIAM,MCFARLANE,WILLIAM,118079,118079,Private,0
MACGREGOR,JOHN,MCGREGOR,JOHN,715759,715759,Private,0
MACIVER,DANIEL JOHN,MCIVER,DANIEL,1030799,1030799,Private,0
MACKAY,JOHN,MCKAY,JOHN,430655,430655,Private,0
MACKEIGAN,NEIL JOHN,MCKEIGAN,NEIL,3181317,3181317,Private,0
MACKENZIE,FRANK LEIGH,MCKENZIE,FRANK LEIGH,2265775,2265775,Private,0
MACKENZIE,GEORGE ALEXANDER,MCKENZIE,GEORGE ALEXANDER,687743,687743,Private,0
MACKENZIE,JOHN,MCKENZIE,JOHN ALEXANDER,3131440,3131440,Private,0
MACLARDY,FRANK EDGAR,MCLARDY,FRANK EDGAR,709936,709936,Sapper,0
MACLAREN,WILLIAM,MCLAREN,WILLIAM D,437495,437495,Private,0
MACLEAN,JOHN NEIL,MCLEAN,JOHN NEIL,1031118,1031118,Private,0
MACLEAN,RONALD,MCLEAN,RONALD,716117,716117,Private,0
MACLEOD,ALEXANDER KENNETH,MCLEOD,ALEX KENNETH,877171,877171,Private,0
MACLEOD,JOHN,MCLEOD,JOHN,276106,276106,Private,0
MACLEOD,MURDO KENNETH,MCLEOD,MURDO KENNETH,440419,440419,Private,0
MACMULLIN,STEVEN PENNINGTON,MCMULLIN,STEPHIN PENNINGTON,817686,817686,Private,0
MACNAB,CHARLES STEVENSON,MCNAB,CHARLES STEVENSON,796059,796059,Private,0
MACPHEE,DANIEL,MCPHEE,DANIEL,712665,712665,Private,0
MACPHEE,JOHN VICTOR,MCPHEE,JOHN VICTOR,1009983,1009983,Private,0
MACPHERSON,EDWARD MOORE,MCPHERSON,EDWARD MOORE,536277,536277,Private,0
MACPHERSON,ERNEST ROY,MCPHERSON,ERNEST ROY,782400,782400,Private,0
MACPHERSON,JOHN ROBERT,MCPHERSON,JOHN ROBERT,712949,712949,Private,0
MACQUARRIE,HEATH WARD,MCQUARRIE,HEATH WARD,2060353,2060353,Private,0
MACRITCHIE,DANIEL MADISON,MCRITCHIE,DANIEL MADISON,2556,2556,Lance Corporal,0
MACWATT,THOMAS,MCWATT,THOMAS,1075140,1075140,Private,0
MARTINBEAULT,LORENZO,MARTINBAULT,LORENZO,61499,61499,Corporal,0
MASASKEPEW,CHARLES,MASUSKEPEW,CHARLES,1051098,1051098,Private,0
MCCALMONT,ALEXANDER,MCCALMONTE,ALEXANDER,880093,880093,Private,0
MCDERMOTT,JAMES HENRY MURRAY,MURRAY,JAMES,526600,526600,Private,0
MCDONALD,JOHN COLIN,MACDONALD,JOHN COLIN,877306,877306,Private,0
MCGILLIVRAY,ARCHIBALD DUNCAN,MACGILLIVRAY,ARCHIE DUNCAN,1042393,1042393,Private,0
MCINTOSH,ALEXANDER DUNCAN,MCINGOSH,ALEXANDER DUNCAN,335173,335173,Gunner,0
MCIVER,JAMES NEIL,MACIVER,JAMES NEIL,3188884,3188884,Private,0
MCKAY,ELMER REAGH,MACKAY,ELMER,712172,712172,Private,0
MCKENZIE,ALEXANDER,MACKENZIE,ALEXANDER,455881,455881,Private,0
MCKENZIE,FINLEY,MACKENZIE,FINLEY,46516,46516,Private,0
MCKINTOSH,WILLIAM,MCINTOSH,WILLIAM,859109,859109,Private,0
MCLATCHIE,ALFRED,MCLASCHIE,ALFRED,150164,150164,Sergeant,0
MCLAUGHLAN,ROBERT,MCLAUGHLIN,ROBERT,709558,709558,Private,0
MCLEOD,LOUIS,MACLEOD,LOUIS,1054637,1054637,Private,0
MCLOUGHLIN,CHARLES,MCLAUGHLIN,C,4110,4110,Private,0
MCMILLAN,HUGH,MACMILLAN,HUGH,1042117,1042117,Private,0
MICHIE,GEORGE TOMASSON,MICKIE,GEORGE TOMASSON,3205338,3205338,Private,0
MORISSETTE,HORMISDAS,MORRISSETTE,HORMISDAS,417337,417337,Corporal,0
NARESKY,JOHN,NORSKIN,JOHN,1051191,1051191,Private,0
NEVILLS,GORDON,NEVILS,GORDON,643484,643484,Private,0
NORMAND,JAMES,NORMAN,JAMES,288292,288292,Private,0
O'BRIEN,ANDREW,OBRIEN,ANDREW,3032051,3032051,Private,0
O'BRIEN,DANIEL,OBRIEN,DANIEL,63690,63690,Private,0
O'BRIEN,ERNEST PATRICK,OBRIEN,ERNEST PATRICK,654319,654319,Private,0
O'BRIEN,GEORGE,OBRIEN,GEORGE,246444,246444,Private,0
O'BRIEN,JAMES EDWARD,OBRIEN,JAMES EDWARD,902453,902453,Private,0
O'BRIEN,THOMAS PATRICK,OBRIEN,THOMAS PATRICK,3081402,3081402,Private,0
O'CONNOR,JAMES,OCONNOR,JAMES JOSEPH,3035872,3035872,Private,0
O'CONNOR,JOHN,OCONNOR,JOHN,760092,760092,Private,0
O'CONNOR,RANDALL JAMES,OCONNOR,RANDALL J,3320457,3320457,Private,0
O'CONNOR,WILLIAM JOSEPH,OCONNOR,WILLIAM JOSEPH,1078829,1078829,Private,0
O'DONNELL,GEORGE EDWARD,ODONNELL,GEORGE,210688,210688,Private,0
O'DONOGHUE,HERBERT,ODONOGHUE,HERBERT V F,434419,434419,Private,0
O'DONOHOE,WILLIAM AUGUSTUS,ODONOHOE,WILLIAM AUGUSTUS,3032088,3032088,Private,0
O'HANDLEY,LAWRENCE,OHANDLEY,LAURENCE,877400,877400,Private,0
O'HARA,CHARLES,OHARA,CHARLES,1057092,1057092,Private,0
O'HEARN,PHILIP PATRICK,OHEARN,PHILIP PATRICK,2621863,2621863,Private,0
O'MALLEY,GEORGE,OMALLEY,GEORGE,73501,73501,Private,0
O'MEARA,ALBERT,OMEARA,ALBERT,246797,246797,Sapper,0
O'MULVENNY,THORPE HARRISON,OMULVENNY,THORPE HARRISON,190394,190394,Private,0
O'NEIL,CHARLES HENRY,ONEIL,CHARLES HENRY,3081601,3081601,Private,0
O'NEIL,NORMAN ROBERT,ONEIL,NORMAN ROBERT,213383,213383,Private,0
O'NEIL,RUSSELL,ONEIL,RUSSELL,213382,213382,Private,0
O'NEILL,HERBERT VICTOR,ONEILL,HERBERT VICTOR,159592,159592,Private,0
O'NEILL,PATRICK,ONEILL,PATRICK,3080100,3080100,Private,0
O'NEILL,ROBERT JOHN,ONEILL,ROBERT JOHN,3032820,3032820,Private,0
O'SHEA,GUY CHARLES,OSHEA,GUY CHARLES,639188,639188,Corporal,0
O'SHEA,JEREMIAH,OSHEA,JERRY,725156,725156,Private,0
O'SULLIVAN,JOHN LAWRENCE,OSULLIVAN,JOHN LAWRENCE,440767,440767,Private,0
O'TOOLE,JOHN JOSEPH,OTOOLE,JOHN JOSEPH,469554,469554,Private,0
PANASIUK,VASSELY,PANASUICK,VASSELY,1003887,1003887,Private,0
PARKS,HARVEY,PARKES,HARVEY,297374,297374,Private,0
PEDANICUT,JOHN,PEDANTCUT,JOHN,1003625,1003625,Private,0
PETERS,ADRIEN,PETER,ADRIEN R,713083,713083,Private,0
PRATTE,MARC AURELE,PRATT,MARK AURELIUS,920005,920005,Private,0
PURVES,WILLIAM,PURVIS,W,65804,65804,Private,0
PUTHERBOUGH,ROBERT,PETERBOUGH,ROBERT,2147495,2147495,Private,0
RANO,VINCENT,RANA,VINCENT,3031343,3031343,Private,0
RAPPAPORT,MEYER DAVID,RAPORT,MELVIN DAVID,850736,850736,Private,0
RAYNER,FREDERICK,RAYNOR,FRED,164467,164467,Private,0
ROBBINSON,JOHN,ROBINSON,JOHN,152647,152647,Private,0
SANDERCOCK,JAMES CECIL,SANDERCOTT,JAMES CECIL,727784,727784,Private,0
SCHOFFIELD,CHARLES WILLIAM,SCHOFIELD,CHARLES WILLIAM,67661,67661,Private,0
SEATTER,THOMAS RENDALL,SEATER,THOMAS RENDALL,441084,441084,Second Lieutenant,0
SEELEY,EDWIN BRUCE,SELLEY,EDWIN BRUCE,1018063,1018063,Private,0
SEYMOUIR,NOEL,SEYMOUR,NOEL,2203395,2203395,Private,0
SIDDALL,CHARLES HAROLD,SIDDAL,CHARLES,132884,132884,Private,0
SMITH,WILLIAM EDWARD,SARGENT,W H,71641,71641,Private,0
SNOWDEN,JOHNSTON LAWERENCE,SNOWDON,JOHNSTON LAWRENCE,651679,651679,Private,0
SOLTAU,CECIL HENRY,SOLTAN,CECIL HENRY,2005255,2005255,Sapper,0
SPEARANCE,ERNEST EDWARD,SPEARENCE,ERNEST EDWARD,2255362,2255362,Private,0
SPRACKETT,GEORGE FRANCIS,SPRACKET,GEORGE FRANCIS,1093124,1093124,Private,0
STEEDMEN,GEORGE ALFRED,STEEDEN,GEORGE A,693260,693260,Private,0
SWAIN,BENJAMIN,SWAINE,BENJAMIN,902431,902431,Private,0
TEDMAN,CHARLES SAMUEL,TEDMON,CHARLES SAMUEL,526811,526811,Private,0
TERRAS,JOHN,TERRIS,JOHN,19922,19922,Sergeant,0
TOWNES,FREDERICK,TOWNS,FREDERICK,436853,436853,Private,0
TRACEY,JOHN FREDERICK,TRACY,JOHN FREDERICK,550535,550535,Private,0
TUTTY,CHARLES,TUFFY,CHARLES,225912,225912,Private,0
TWYMAN,JAMES STEPHEN,TUGMAN,JAMES STEPHEN,772517,772517,Private,0
VAN ALSTYNE,JAMES ALVIN,VANALSTYNE,JAMES ALVIN,2273320,2273320,Private,0
VAN BUSKIRK,JAMES HENRY,VANBUSKIRK,JAMES HENRY,709427,709427,Private,0
VAN DUZER,HARRY,VANDUZER,HARRY NORMAN,784888,784888,Second Lieutenant,0
VAN VLACK,MALCOLM CLARKE,VANVLACK,MALCOM CLARKE,2003598,2003598,Private,0
VAN WART,WENDELL MACDONALD,VANWART,WENDELL M,709026,709026,Private,0
VEINOTT,HERBERT OLIVER,VEINOT,HERBERT OLIVER,733729,733729,Sergeant,0
WALTENBURG,WILLIAM HENRY,WALTENBURGH,WILLIAM HENRY,838442,838442,Sapper,0
WHETSONE,ARTHUR SAMUEL,WHETSTONE,ARTHUR SAMUEL,100220,100220,Corporal,0
WILLIS,WILLIAM,WELLS,WILLIAM,14643,14643,Sergeant,0
ZERON,DALTON,ZERAN,DALTON,633814,633814,Private,0
ACHARD,JEAN JOSEPH,ACHERD,JOHN JOSEPH,829632,829632,Private,0
ALLEBAUGH,GEORGE,ALLENBAUGH,GEORGE,2772575,2772575,Private,0
ANDERSEN,GUSTAV,ANDERSON,GUSTAVE,2378374,2378374,Private,0
ANDERSEN,OLAT,ANDERSON,OLAF,256197,256197,Private,0
ARNNETT,RICHARD ANDREW,ARNNET,RICHARD ANDREW,3215097,3215097,Private,0
BAILIE,THOMAS,BAILLIE,THOMAS,3033371,3033371,Private,0
BARNHARDT,CLARENCE NEAL,BARNHART,CLARENCE NEIL,2009110,2009110,Sapper,0
BARRON,COME,BARON,COME,3090617,3090617,Private,0
BATEMAN,CHARLES EDWARD,BATES,CHARLES C,3082849,3082849,Private,0
BELL-BODDY,WILLIAM JOHN,BELLBODDY,WILLIAM JOHN,868262,868262,Private,0
BELLEMARRE,CHARLES,BELLEMARE,CHARLES,3159317,3159317,Private,0
BELTON,ALEXANDER,BELTER,ALEXANDER KIRKWOOD,770247,770247,Private,0
BIJL,ABRAM,BIJIL,ABRAHAM,761184,761184,Private,0
BIRKES,HARRY,BIRKS,HARRY,4040112,4040112,Private,0
BONNELL,AMOS WALTER,BONELL,AMOS WALTER,246099,246099,Private,0
BOUCHIR,MOSES JOSEPH,BOUCHIE,MOSES JOSEPH,2022542,2022542,Private,0
BOVINEAU,ELI,BOVNEAU,ELI,624880,624880,Private,0
BROSSARD,LEO ANTONIO,BROSSORD,LEO A,3159173,3159173,Private,0
COLLINS,HERMAS,COLLIN,HERMAS,3159717,3159717,Private,0
CRIESS,LOUIS JAMES,CREISS,LEWIS G,225548,225548,Corporal,0
CUNDAY,JAMES EDWARD,CUNDY,JAMES EDWARD,105400,105400,Private,0
D'ANGELO,PHILLIP,DANGELO,PHILLIP,2529353,2529353,Private,0
D'AOUST,EUGENE,DAOUST,EUGENE,4035188,4035188,Private,0
D'ORNELLAS,FREDERICK ALEXANDER,DORNELLAS,FREDERICK ALEXANDER,3322867,3322867,Private,0
DE COSTE,DAVID,DECOSTE,DAVID,3180248,3180248,Private,0
DE ERNSTED,HENRI,DEERNSTED,HENRI,3281298,3281298,Corporal,0
DE LA ROCHELLE,WILMOT MARION,DELAROCHELLE,WILMONT MARION,2203920,2203920,Private,0
DE LONG,DAVID HENRY,DELONG,DAVID HENRY,3134556,3134556,Private,0
DE PEW,ALFRED STEELE,DEPEW,ALFRED S,3206693,3206693,Private,0
DE ROCHE,JOSEPH HARLAND,DEROCHE,JOSEPH HARLAN,4030104,4030104,Private,0
DE VARENNE,ARTHUR,DEVARENNE,ARTHUR,445013,445013,Private,0
DELECOURT,RAOUL,DELCOURT,RAOUL,3161722,3161722,Private,0
DIXSON,NELSON ROBERT,DIXON,NELSON ROBERT,633203,633203,Private,0
DODD,ROBERT,DODDS,ROBERT,163563,163563,Corporal,0
DOUGLASS,CARROL,DOUGLAS,CARROL A,3080090,3080090,Private,0
DUBOC,JOHN JOSEPH,DUBOE,JOHN JOSEPH,2115495,2115495,Private,0
DUGULD,GEORGE,DUGUID,GEORGE,703402,703402,Private,0
EGEINS,CHARLES,EGEANS,CHARLES,3235998,3235998,Private,0
EGLINTON,WALTER,EGLINGTON,WALTER EDMOND,2015444,2015444,Private,0
ELLIOT,BURTON BELL,ELLIOTT,BURTON BELL,2293703,2293703,Private,0
ERIKSSON,ERIK,ERIKSON,ERIK,258997,258997,Private,0
ERLENDSON,GUDLANGER GUDJON,ERLENDSSON,GUDLAUGUR GUDJON,3347767,3347767,Private,0
EVELEIGH,ALEXANDER,EVELEY,ALEXANDER,877327,877327,Private,0
FAREBROTHER,WILLIAM EDWARD,FAIRBROTHER,WILLIAM E,2355399,2355399,Private,0
GILDAY (DENTON),FRANCIS JOSEPH,GILDAY,FRANCIS JOSEPH,1045800,1045800,Private,0
GORMELY,JOHN,GORMLEY,JOHN,69363,69363,Private,0
GREEN,ELTON SYRUS,GREENE,ELTON SYRUS,225473,225473,Private,0
GREGOIRE,ROSARIO,GREGORIE,ROSARIO,2129591,2129591,Private,0
GRIFFEN,ERNEST,GRIFFIN,ERNEST,2115630,2115630,Private,0
GUENETTE,PETER,GUENET,PETER,754330,754330,Private,0
HANSEN,CHRISTINO WILHELM,HANSON,CHRISTIAN W,3206134,3206134,Private,0
HAWTHORNE,GEORGE,HAWTHORN,GEORGE,2379746,2379746,Private,0
HELLGREN,JOHN SEVERNS,HILLGREN,JOHN S,3348301,3348301,Private,0
HENNESSEY,ARTHUR CLAUD,HENNESSY,ARTHUR CLAUDE,814613,814613,Private,0
HEPPELL,FREDERICK,HEPPEL,FREDERICK,3380074,3380074,Private,0
HERLEHY,DAVID,HERLEY,DAVID,3056513,3056513,Private,0
HITCHIN-KEMP,REGINALD PYM,HITCHEN-KEMP,REGINALD,512312,512312,Second Lieutenant,0
JAGGER,HERBERT WILLIAM,JAGGERS,HERBERT WILLIAM,2020648,2020648,Private,0
JOHNSSON,GUDNE,JOHNSON,GUDNE,294031,294031,Private,0
KAVANAGH,JOSEPH,KAVANAUGH,JOSEPH LINCOLN,3134337,3134337,Private,0
KRUMREI,FRED,KRUMSEI,FRED,902467,902467,Private,0
LE BLANC,DENNIS,LEBLANC,DENNIS,283545,283545,Private,0
LE BLANC,EDMOND,LEBLANC,EDMOND HENRY,817416,817416,Private,0
LE BLANC,ELOI,LEBLANC,ELOI B,3255488,3255488,Private,0
LE BLANC,FELICIEN,LEBLANC,FELICIEN,3255853,3255853,Private,0
LE BLANC,PASCAL LEO,LEBLANC,PASCAL LEO,666206,666206,Private,0
LE BLANC,WALLACE,LEBLANC,WALLACE,121136,121136,Private,0
LE BOUFFE,FELIS NAPOLEON,LEBOUFFE,FELIX NAPOLEON,793107,793107,Private,0
LE CORNU,PHILIP FRANCIS,LECORNU,PHILIP FRANCIS,1054442,1054442,Private,0
LEELLAND,FRANK,LEELAND,FRANK,2378558,2378558,Private,0
MACDONALD,ARCHIBALD,MCDONALD,ARCHIE,160531,160531,Private,0
MACDONALD,ARCHIBALD EWEN,MCDONALD,ARCHIBALD EWEN,49450,49450,Private,0
MACDONALD,ARTHUR BASIL,MCDONALD,ARTHUR BASIL,2138597,2138597,Private,0
MACDONALD,CHARLES,MCDONALD,CHARLES,715491,715491,Private,0
MACDONALD,EDWARD HARKENS,MCDONALD,EDWARD H,414858,414858,Private,0
MACDONALD,FREDERICK,MCDONALD,FREDERICK,928499,928499,Private,0
MACDONALD,JOHN RODERICK,MCDONALD,JOHN RODERICK,258946,258946,Sapper,0
MACDONALD,JOHN WALLACE,MCDONALD,JOHN WALLIS,75693,75693,Corporal,0
MACDONALD,STRATHCONA,MCDONALD,STRATHCONA,342859,342859,Corporal,0
MACDONALD,WILLIAM,MCDONALD,WILLIAM,2000154,2000154,Sergeant,0
MACDONNELL,HUGH ALEXANDER,MCDONNELL,HUGH,438938,438938,Private,0
MACDOUGALL,DONALD,MCDOUGALL,DONALD,718043,718043,Sapper,0
MACFADYEN,MARTIN CHARLES,MCFADYEN,MARTIN CHARLES,652216,652216,Private,0
MACFARLANE,RALPHE,MCFARLANE,RALPH,252710,252710,Private,0
MACGREGOR,GREGOR,MCGREGOR,GREGOR,3082165,3082165,Private,0
MACKENZIE,LEE ARTHUR,MCKENZIE,LEE ARTHUR,336165,336165,Gunner,0
MACKINNON,JOHN,MCKINNON,JOHN DANIEL,2383657,2383657,Private,0
MACLEAN,JOHN LANG,MCLEAN,JOHN LANG,1030853,1030853,Private,0
MACLEAN,JOHN MURCHISON,MCLEAN,JOHN MURCHISON,895243,895243,Private,0
MACLENNAN,NICHOLAS OLIVER,MCLENNAN,NICHOLAS OLIVER CROMWELL,713229,713229,Private,0
MACLEOD,DONALD JAMES,MCLEOD,DONALD JAMES,3256139,3256139,Private,0
MACLEOD,JOHN CAMERON,MCLEOD,JOHN CAMERON,712157,712157,Private,0
MACLEOD,NORMAN,MCLEOD,NORMAN,2138758,2138758,Private,0
MACLEOD,NORMAN,MCLEOD,NORMAN,737152,737152,Private,0
MACLEOD,NORMAN IAN,MCLEOD,NORMAN IAN,3312161,3312161,Private,0
MACLEOD,PHILIP,MCLEOD,PHILIP A,715826,715826,Private,0
MACLEOD,ROY MUNRO,MCLEOD,ROY,905008,905008,Corporal,0
MACPHEE,HAROLD LEE,MCPHEE,HAROLD,712311,712311,Corporal,0
MACPHERSON,HOWARD,MCPHERSON,HOWARD,2655616,2655616,Private,0
MACPHERSON,JOHN ALEXANDER,MCPHERSON,JOHN ALEXANDER,3132546,3132546,Private,0
MACPHERSON,STUART,MCPHERSON,STUART,652234,652234,Private,0
MACTAVISH,DONALD ELMER,MCTAVISH,D E,3352704,3352704,Private,0
MACUMBER,CHARLES LESLEY,MCCUMBER,CHARLES,414884,414884,Private,0
MAGUIRE,WILLIAM,MCGUIRE,WILLIAM,1263713,1263713,Private,0
MANNETTE,JOSEPH,MANNETT,JOSEPH CLARENCE,3182211,3182211,Private,0
MCCUISH,ARCHIE,MACCUISH,ARCHIE,2381020,2381020,Private,0
MCEACHREN,ALBERT,MCEACHERN,ALBERT,282157,282157,Private,0
MCKENZIE,ALBERT,MACKENZIE,ALBERT,829774,829774,Private,0
MCMILLEN,NEIL JOSEPH,MCMILLAN,NEIL JOSEPH,838554,838554,Private,0
MCNEIL,ANGUS RODERICK,MACNEIL,ANGUS RODERICK,222416,222416,Sergeant,0
MCNEILL,LAURIE,MACNEILL,L,102620,102620,Private,0
MCNUTT,BEN,MACNUTT,BEN,91906,91906,Gunner,0
METCALFE,JAMES GROVER,METCALF,JAMES GROVER,3214027,3214027,Private,0
MICUNOVICH,SALETTO,MICHUNOVICH,SALETTO,1015582,1015582,Private,0
MULLIN,PATRICK JOSEPH,MULLAN,PATRICK JOSEPH,3105106,3105106,Private,0
MURDUCK,CHARLES HENRY,MURDOCK,CHARLES H,454705,454705,Private,0
NETHOWSKI,CHARLES,NETKOWSKI,CHARLES,773077,773077,Private,0
NIELSEN,RICHARD EMANUEL,NIELSON,RICHARD EMANUEL,3214030,3214030,Private,0
O'BOYLE,DESMOND GLADSTONE,OBOYLE,DESMOND G,754709,754709,Private,0
O'BRIEN,HAROLD WELDON,OBRIEN,HAROLD W,905085,905085,Private,0
O'BRIEN,JAMES,OBRIEN,JAMES,2356324,2356324,Private,0
O'BRIEN,PATRICK,OBRIEN,PATRICK,1060253,1060253,Private,0
O'CONNELL,JOSEPH KANE,OCONNELL,JOSEPH KANE,226434,226434,Private,0
O'CONNELL,PATRICK,OCONNELL,PATRICK,2021678,2021678,Private,0
O'DAY,MICHAEL JAMES,ODAY,MICHAEL JAMES,877775,877775,Private,0
O'DONNELLY,DANIEL,ODONNELLY,DANIEL,3105019,3105019,Private,0
O'DONOHUE,JOHN MARTIN,ODONOHUE,JOHN MARTIN,919795,919795,Private,0
O'DONOVAN,CORNELIUS,ODONOVAN,CONELIOUS,410569,410569,Corporal,0
O'HALEY,SIMON,OHALEY,SIMON,902342,902342,Private,0
O'HARA,ALLAN FRANCIS,OHARA,ALLAN FRANCIS,1009096,1009096,Private,0
O'HARA,STANLEY,OHARA,STANLEY,3032332,3032332,Private,0
O'HARE,WILLIAM,OHARE,WILLIAM,348158,348158,Driver,0
O'LARY,BENJAMIN,OLARY,BEN,2501000,2501000,Sapper,0
O'LEARY,CYRIL DOUGLAS,OLEARY,CYRIL DOUGLAS,639598,639598,Private,0
O'LEARY,JOSEPH PATRICK,OLEARY,JOSEPH PAT,529289,529289,Private,0
O'NEILL,JAMES,ONEILL,JAMES,273632,273632,Private,0
O'NEILL,TIMOTHY,ONEILL,TIMOTHY,3082337,3082337,Private,0
O'ROURKE,MICHAEL,OROURKE,MICHAEL,285324,285324,Private,0
O'SHEA,PATRICK,OSHEA,PATRICK,931733,931733,Lance Corporal,0
O'TOOLE,DANIEL,OTOOLE,DANIEL,724053,724053,Private,0
OLSEN,OLAF GUSSTAV,OLSIN,OLAF GUSTAN,3314114,3314114,Private,0
PECKHAM,JOHN SIDNEY,PEEKHAM,JOHN SIDNEY,542357,542357,Private,0
PHILPOTT,JERRY,PHILPOT,JERRY,23566,23566,Private,0
PIGULSKI,JOSEPH,PIGULSKY,JOSEPH,2497940,2497940,Private,0
RAITHBY,FRANK,RAITBY,FRANK,426512,426512,Private,0
RODGER,WELLINGTON JOHN,RODGERS,WELLINGTON JOHN,1045456,1045456,Private,0
SAUVE,STEPHEN,SAUVI,STEPHEN,3317340,3317340,Private,0
SCANLAN,PETER DENIS,SCANLON,PETER DENIS,2016,2016,Private,0
SEIVWRIGHT,HARRY,SEIVEWRIGHT,HARRY,24428,24428,Private,0
SERAFINI,FRANCESCO,SERAFIN,FRANK,2021398,2021398,Private,0
SHEARMAN,ARTHUR CHARLES,SHERMAN,ARTHUR,174403,174403,Private,0
SILVERBURG,CARL,SILVERBERG,CARL GUSTAVE,2293905,2293905,Private,0
SIMS,ROBERT RANDOLPH,SIMMS,ROBERT RANDOLPH,2617008,2617008,Private,0
SMILLIE,BERTRAM SECOTTE,SMILLEE,BERTRAM SCOTTE,474078,474078,Lance Corporal,0
SORENSEN,SOREN PETER CHRISTIAN,SORENSON,SOREN PETER CHRISTIAN,2188735,2188735,Private,0
STANDING BUFFALO,JOSEPH,STANDINGBUFFALO,JOSEPH,2413310,2413310,Private,0
THOMSON,JOHN,THOMNSON,JOHN STORRIE,527664,527664,Quartermaster Sergeant,0
THORNGUIST,JULIUS BIAR,THORNQUIST,JULIUS BIOR,186848,186848,Private,0
TOLMIE-ANDERSON,WILLIAM,TOLMIE,WILLIAM,2025214,2025214,Private,0
TRACEY,EDWARD JOSEPH,TRACY,EDWARD JOSEPH,874817,874817,Private,0
TRACEY,HERBERT JAMES,TRACY,HERBERT JAMES,335414,335414,Gunner,0
TREWHELLA,JOHN,TREWHELLE,JOHN,931577,931577,Private,0
USSHE,ROBERT LIONEL,USSHER,ROBERT L,133242,133242,Private,0
VAILLENCOURT,JOSEPH,VAILLANCOURT,JOSEPH,644628,644628,Private,0
VAN ALLEN,GEORGE CLINTON,VANALLEN,GEORGE CLINTON,3057479,3057479,Private,0
VAN BRUNT,HARRY GILBERT,VANBRUNT,HARRY GILBERT,1000609,1000609,Private,0
VAN BUREN,GEORGE,VANBUREN,GEORGE,681768,681768,Private,0
VAN EVERY,FREDERICK,VANEVERY,FRED,270157,270157,Private,0
VAN GESTEL,GEORGE,VANGESTEL,GEORGE,449,449,Private,0
VAN HATTEN,HENRY,VANHATTEN,HENRY,602242,602242,Private,0
VANDERBERT,NORMAN DANIEL,VANDERBURG,NORMAN DANIEL,3056544,3056544,Private,0
VAULEON,CHARLES,VAULEONS,CHARLES,2320390,2320390,Private,0
VERRAULT,JEAN BAPTISTE,VERREAULT,JEAN BAPTISTE,660672,660672,Private,0
VON BERG,LESLIE CYRIL,VONBERG,LESLIE CYRIL,1054208,1054208,Private,0
WEATHERBY,ALONZO,WEATHERBE,ALONZO,901199,901199,Corporal,0
WETHERLY,ALBERT LAURIE,WETHERLEY,ALBERT LAURIE,523533,523533,Private,0
WHELEN,EDWARD JOHN,WHELAN,EDWARD JOHN,883770,883770,Private,0
WHYNOT,LE ROY,WHYNOTT,LEROY,282897,282897,Private,0
WILLETTE,MIDY,WILLETT,MIDY,304657,304657,Driver,0
WILSON,FRANCIS GEORGE DUDLEY,WILLSON,FRANCIS GEORGE DUDLEY,442813,442813,Lieutenant,0
YEATS,EDWIN LEE,YEATES,EDWIN LEE,657935,657935,Private,0
BEALS,GEORGE,BEALES,GEORGE C,6653,6653,Private,0
BELIVEAU,HERVE,BELLIVEAU,HERVE,3167130,3167130,Private,0
BERTHELETTE,MICHAEL,BERTHELET,MICHEL,3347109,3347109,Private,0
BREAULT,PIERRE,BREAUX,PIERRE,4061799,4061799,Private,0
BRENNEN,BERT,BRENNAN,BERT,3207145,3207145,Private,0
BURBRIDGE,EARDLEY LOFTIC,BURBIDGE,EARDLEY,282335,282335,Private,0
BUSSIERES,ERNEST,BUSSIERE,ERNEST,3348956,3348956,Private,0
B0YCE,ROBERT FRANKLIN,BOYCE,ROBERT FRANKLIN,832328,832328,Private,0
CLENDENING,WILLIAM JAMES,CLENDENNING,WILLIAM JAMES,679043,679043,Signaller,0
COLLINS,TOM GEORGE,COLLINGS,TOM GEORGE,20950,20950,Sergeant,0
DE GRECHIE,ALBERT,DEGRECHIE,ALBERT,793592,793592,Private,0
DE MOREST,RINALDO VERNOR,DEMOREST,R VERNON,318859,318859,Corporal,0
DU RUSSEL,HARRY LUCIAN,DURUSSEL,HARRY LUCIAN,3354389,3354389,Private,0
FINNO,JOSEPH WARD,FINNS,JOSEPH,23515,23515,Private,0
GAETZ,ALVIN ROY,GAETEZ,ALVIN ROY,3190637,3190637,Private,0
GOLBY,GORDON EARL,GOLDBY,GORDON EARL,528729,528729,Private,0
HUTCHINSON,JOHN THOMAS,HUTCHISON,JOHN THOMAS,412121,412121,Private,0
LAFERRIERE,SIMEON,LAFERRIER,SIMON,633079,633079,Private,0
LARSEN,JOHANES,LARSON,JOHANES,4080319,4080319,Private,0
LAVIGNE,THEODORE,LEVIGNE,THEODORE,4061469,4061469,Private,0
MACGREGOR,HAROLD,MCGREGOR,HAROLD E,3055595,3055595,Private,0
MACLEOD,ALEXANDER JOHN,MCLEOD,ALEXANDER JOHN,464260,464260,Sergeant,0
MACLURKIN,WILLIAM GEORGE,MCLURKIN,WILLIAM GEORGE,835879,835879,Private,0
MCDONALD,WILLIAM,MACDONALD,WILLIAM JOHN,29001,29001,Private,0
MCMULLEN,ARTHUR,MCMULLON,ARTHUR,742594,742594,Private,0
MCNEILL,STEPHEN JOS,MACNEIL,STEPHEN JOSEPH,2605900,2605900,Sergeant,0
MODRZEJEWSKY,JOSEPH,MODRZEJEWSKI,JOSEPH,536329,536329,Private,0
O'BRIENE,JOHN,OBRIENE,JOHN,727011,727011,Private,0
O'DEA,ANDREW,ODEA,ANDREW,1030755,1030755,Private,0
O'DONNELL,THOMAS JAMES,ODONNELL,THOMAS JAMES,2499613,2499613,Sapper,0
O'HANDLEY,MALCOLM,OHANDLEY,MALCOLM,877635,877635,Private,0
O'HARE,JOHN THOMAS,OHARE,JOHN THOMAS,3215154,3215154,Private,0
O'MAHONEY,JOHN FRANCIS,OMAHONY,JOHN F,3131681,3131681,Private,0
PAINTED NOSE,FRANCOIS,PAINTED-NOSE,FRANCIS,1051587,1051587,Private,0
PARE,ANTONIO,PARER,ANTONIO,925737,925737,Private,0
PATRICK,JULIAN,PYM,JOHN SCARLETT,221,221,Captain,0
PENNEY,MATTHEW,PENNY,MATTHEW,877589,877589,Private,0
PILLON,NORMAN JOSEPH,PILON,NORMAN JOSEPH,2265550,2265550,Private,0
PROCTER,JOHN JAMES,PROCTOR,JOHN JAMES,643655,643655,Corporal,0
RABINOVITCH,JOSEPH BERNARD,RABINOWITCH,JOSEPH BERNARD,491495,491495,Private,0
SCANLAN,JOSEPH,SCANLON,JOSEPH,226649,226649,Private,0
SOLOMON,REGINALD (REX),SOLOMAN,REGINALD,63810,63810,Company Quarter Master Sergeant,0
ST GEORGES,MISAEL,ST GEORGE,MISCEL,3235060,3235060,Private,0
SYLVESTRE,ALPHONSE,SYLVESTER,ALFONSE,2356542,2356542,Private,0
TOURANGEAN,ALDAGE,TOURANGEAU,ALDAGE,820327,820327,Private,0
VAN BUSKIRK,WALTER GEORGE,VANBUSKIRK,WALTER GEORGE,70013,70013,Private,0
VAN HOESEN,HARRISON THOMAS,VANHOESEN,HARRISON THOMAS,3037501,3037501,Private,0
VAN LUVEN,CLAUDE BRYAN,VANLUVEN,CLAUDE BRYAN,105715,105715,Private,0
VON ZUBEN,FRANK FREDRICK,VONZUBEN,FRANK FREDERICK,3036773,3036773,Private,0
WHARREY,JOHN,WHARRY,JOHN CLARENCE,259768,259768,Private,0
WOROBETS,NICK,WOROBETZ,NICK HENRY,3207268,3207268,Private,0
ABALEA,WILLIAM MARIE,ABELEA,WILLIAM MARY,216857,216857,Sapper,0
ARSENEAULT,DANIEL JOSEPH,ARSENAULT,DANIEL JOSEPH,1030106,1030106,Private,0
BARRIER,JOSEPH,BARRIERE,JOSEPH,133206,133206,Private,0
BERTHAIUME,HARMIDAS,BERTHIAUME,HORMISDAS,61541,61541,Private,0
BILLETT,WILLIAM CHARLES,BILLET,WILLIAM CHARLES,721132,721132,Corporal,0
BLAC,PETER,BLACK,PETER,1087086,1087086,Lance Corporal,0
BROMMITT,GEORGE WILLIAM,BROMMIT,GEORGE WILLIAM,248431,248431,Corporal,0
CARTHEW,CHARLES INNES,CARTHEN,CHARLES IMES,3311445,3311445,Private,0
CLARKE,FRANCIS HENRY,CLARK,FRANCIS HENRY,3035940,3035940,Private,0
COLLERET,EDGAR,COLLERETTE,EDGAR,417352,417352,Private,0
COMING SINGER,GEORGE,COMING-SINGER,GEORGE,895373,895373,Private,0
CRIACAS,GUST,CREACAS,GUST N,1045283,1045283,Private,0
DE BURY,ROBERT WILFRED VISART,DEBURY,ROBERT WILFRED VISART,180453,180453,Sapper,0
DE JAEGHERE,CHARLES,DEJAEGHERE,CHARLES,61574,61574,Private,0
DE LA HAYE,MAURICE,DELAHAY,MAURICE EMIL L,2250,2250,Corporal,0
DOMINIQUE,ARTHUR,DOMINQUE,ARTHUR,847893,847893,Private,0
FURMAN,DENNIS,FURMAM,DENNIS,1274218,1274218,Gunner,0
HARRIS,ALMA,HOYLAND,ARTHUR,7785,7785,Regimental Sergeant Major (WO.I),0
HAVERLEY,HERBERT,HAVERLY,HERBERT STONE,3084259,3084259,Private,0
JAKAZOM,PETER,JAKAZON,PETER,2497993,2497993,Private,0
LE CAIN,JOHN,LECAIN,JOHN,32977,32977,Private,0
MACDONALD,ALEXANDER,MCDONALD,ALEXANDER CULLIN,3353788,3353788,Private,0
MACDONALD,HARRY JOSEPH,MCDONALD,HARRY JOSEPH,303509,303509,Gunner,0
MACDONALD,RONALD W,MCDONALD,RONALD,902004,902004,Private,0
MACINTOSH,DAVID BARCLAY,MCINTOSH,DAVID,19834,19834,Corporal,0
MACKAY,ALEXANDER RAYMOND,MCKAY,ALEXANDER RAYMOND,901456,901456,Private,0
MACLEOD,MALCOLM,MCLEOD,MALCOLM,447137,447137,Private,0
MACMILLAN,ROBERT JOHNSTON,MCMILLAN,ROBERT JOHNSTON,40849,40849,Gunner,0
MCCALLAN,GEOFFREY,MCCALLUM,GEOFFREY W,629580,629580,Private,0
MCDOUGALL,ARCHIBALD,MACDOUGALL,ARCHIBALD,3201541,3201541,Private,0
MCDOWELL,WILLIAM,MACDOWELL,WILLIAM A H,772197,772197,Private,0
MCKEIRNAN,THOMAS,MCKERRNAN,THOMAS,458638,458638,Private,0
MCKERCHER,PETER,MACKERCHER,PETER,132500,132500,Private,0
MCLEAN,DUNCAN,MACLEAN,DUNCAN,154155,154155,Sapper,0
MCLEOD,THOMAS,MACLEOD,THOMAS,477653,477653,Private,0
MCMAHON,ORVILLE,MACMAHON,ORVILLE DORCEY,531796,531796,Private,0
MIDDLEMASS,ROBERT,MIDDLEMAS,ROBERT,153428,153428,Sergeant,0
MOKSAN,JOSEPH,MOKSON,JOSEPH,258481,258481,Private,0
MOYNSKI,ANDRE,MOYUSKI,ANDRE,1013039,1013039,Private,0
NUN,SAMUEL,NUNN,SAMUEL FREDERICK,775541,775541,Private,0
O'BRIEN,PATRICK,OBRIEN,PATRICK,1054435,1054435,Private,0
O'DONNELL,JOHN JOSEPH,ODONNELL,JOHN JOSEPH,1033045,1033045,Private,0
O'FLAHERTY,DANIEL,OFLAHERTY,DANIEL,2710752,2710752,Sapper,0
O'KEEFE,JAMES,OKEEFE,JAMES,48581,48581,Private,0
O'KEEFE,JOHN CHARLES,OKEEFE,JOHN C,43947,43947,Bombardier,0
O'NEILL,EDWARD,ONEILL,EDWARD,3207234,3207234,Private,0
O'REILLY,ANDREW,OREILLY,ANDREW,116985,116985,Private,0
OLSEN,OSWALD,OLSON,OSWALD,246023,246023,Sergeant,0
PARK,ROBERT,PARKS,ROBERT,2246017,2246017,Private,0
PATERSON,WILLIAM,PATTERSON,WILLIAM EDWARD,2005603,2005603,Sapper,0
PENNAC,ALBERT,PENNEC,ALBERT,19939,19939,Private,0
PHILIPPS,HAROLD STUART,PHILLIPS,HAROLD,433,433,Sergeant Major,0
PITTMAN,ARTHUR HENRY,PITMAN,ARTHUR H,87222,87222,Gunner,0
PULFOR,ALBERT,PULFORD,ALBERT,919962,919962,Private,0
REDDEKOPP,ISAAC,REDDECOPP,ISAAC,4100898,4100898,Private,0
ROCHFORD,CHARLES,ROCKFORD,CHARLES,34659,34659,Private,0
RYDZEWSKI,KASIMER,RYDZEVSKY,KASMIR,2355993,2355993,Private,0
SAVOIE,THOMAS,SAVOY,THOMAS NAZAIRE,4061051,4061051,Private,0
TARASEVICH,WILLIAM,TARASEVISH,WILLIAM,1057297,1057297,Sapper,0
VAZOS,GEORGES,VAGOS,GEORGIOS,282080,282080,Private,0
CARETTE,AUGUST,CARRETTE,AUGUST,502045,502045,Private,0
COVEK,WARSEL,COWECK,WARSEL,46134,46134,Private,0
DALEY,THOMAS,DALY,THOMAS MICHAEL,63261,63261,Private,0
DE DION,RENE,DEDION,RENE,672213,672213,Gunner,0
DE YOUNG,HARRY GORDON,DEYOUNG,HARRY,2005121,2005121,Private,0
DONOGHUE,MICHAEL JOSEPH,DONOHUE,MICHAEL,2503369,2503369,Sapper,0
FORNIER,SIMEON,FOURNIER,SIMEON,61322,61322,Private,0
GREENGRASS,EDWIN,GREEN,EDWARD JAMES,159695,159695,Private,0
GRIFFITH,HUGH THOMAS,GRIFFIN,HARRY,120371,120371,Sergeant,0
JOHNS,ALEXANDER,JOHN,ALEX,219482,219482,Private,0
JOHNSON,JOHN,JOHNSTON,JOHN,400816,400816,Private,0
LE POIDEVIN,WILLIAM STANLEY,LEPOIDEVIN,WILLIAM STANLEY,526501,526501,Sergeant Major,0
MACMILLAN,JOHN ANGUS,MCMILLAN,JOHN ANGUS,437751,437751,Private,0
MCCROSSAN,PAUL ALEXANDER,MCCROSSON,PAUL ALEX,510579,510579,Private,0
MCKENZIE,ANGUS,MACKENZIE,ANGUS,130185,130185,Serjeant,0
MCLEOD,KEITH HAMILTON,MACLEOD,KEITH HAMILTON,111311,111311,Sapper,0
O'DONNELL,CHARLES JAMES,ODONNELL,CHARLES JAMES,919373,919373,Private,0
OETEGENN,CHARLES ARMOUR,OELEGENN,CHARLES ARMOUR,154981,154981,Corporal,0
THORNBANK,WILLIAM HERBERT,THORNBACK,WILLIAM HERBERT,1890,1890,Gunner,0
ALLEN,ROBERT,ARMSTRONG,ROBERT,180574,180574,Private,0
GOVET,ARCHIE,GOVETT,ARCHIE,2503000,2503000,Sapper,0
HINCHCLIFFE,JAMES ARTHUR,HINCHLIFFE,JAMES A,231416,231416,Private,0
MACDONALD,MALCOLM,MCDONALD,MALCOLM,21742,21742,Private,0
MACGREGOR,CECIL EDGAR,MCGREGOR,CECIL EDGAR,712995,712995,Private,0
MCKENZIE,GEORGE HUGH,MACKENZIE,GEORGE HUGH,222269,222269,Private,0
O'NEILL,FREDERICK,ONEILL,FREDERICK,83465,83465,Gunner,0
O'NEILL,REGINALD WILLIAM,ONEILL,REGINALD WILLIAM,214253,214253,Private,0
O'ROURKE,TIMOTHY,OROURKE,TIM,439575,439575,Private,0
SIDERS (WILSON),BERT LOYD,SIDERS,BERT LOYD,2139859,2139859,Private,0
TARDIF,LORENZO,TARDIFF,LORENZO,417795,417795,Private,0
BETHEL,CHARLES EDWARD,BETHELL,CHARLES EDWARD,26655,26655,Sergeant,0
GOUCH,JOHN ADRIAN,GOUGH,JOHN ADRIAN,1048528,1048528,Private,0
HAMON,ROBERT,HAMMON,ROBERT,24262,24262,Private,0
KNAP,WILLIAM HAROLD,KNAPP,WILLIAM HAROLD,23283,23283,Lieutenant,0
MOLUN,CARL ARNOLD,MOLIN,CHARLES,701064,701064,Private,0
O'CONNELL,GORDON JOHN,OCONNELL,GORDON J,304385,304385,Gunner,0
